<?xml version = '1.0' encoding = 'UTF-8'?>
<FKIndexAssociation class="oracle.dbtools.crest.model.design.relational.FKIndexAssociation" directorySegmentName="seg_0" id="15740EFA-425C-76CC-9C87-98CEF8AD355B" containerWithKeyObject="4F6BA5D6-C67E-B1BF-A81C-1D78D2026FF9" localFKIndex="5760DE7C-60C0-46A8-78D6-080DF146EDC2" name="MODELO_PRODUCTO_FK">
<createdBy>cristinalagosgonzalez</createdBy>
<createdTime>2026-02-05 14:24:19 UTC</createdTime>
<generatorID>D864DCD2-1D6D-0A9C-70C1-DE87EC7F836A</generatorID>
<ownerDesignName>Retail Solari SA</ownerDesignName>
<referredTableLongName>PRODUCTO</referredTableLongName>
<deleteRule>NO ACTION</deleteRule>
<referredTableID>79DF1C01-42AB-C903-B86D-28C688A35B5E</referredTableID>
<keyObject>867480B0-CC21-C744-16B9-D4A5E87FF91F</keyObject>
<referredKeyID>867480B0-CC21-C744-16B9-D4A5E87FF91F</referredKeyID>
<mandatory>true</mandatory>
<refColNames>ID_Producto,SUCURSAL_ID_Sucursal</refColNames>
<transferable>true</transferable>
<rely>false</rely>
<columnDependencyConstraintGenerateInDDL>true</columnDependencyConstraintGenerateInDDL>
</FKIndexAssociation>
