<?xml version = '1.0' encoding = 'UTF-8'?>
<FKIndexAssociation class="oracle.dbtools.crest.model.design.relational.FKIndexAssociation" directorySegmentName="seg_0" id="1EB2517E-62F1-F33A-E06B-363C022FECB3" containerWithKeyObject="1BCC1E20-14D1-BC04-14E5-48FB61052F22" localFKIndex="BE888D93-6723-84EC-2875-D52B0356FDD2" name="BOLETA_CLIENTE_FK">
<createdBy>cristinalagosgonzalez</createdBy>
<createdTime>2026-02-05 14:24:19 UTC</createdTime>
<generatorID>485CAF66-4EBB-7BF5-FF6A-795A6C1A88A8</generatorID>
<ownerDesignName>Retail Solari SA</ownerDesignName>
<referredTableLongName>CLIENTE</referredTableLongName>
<deleteRule>NO ACTION</deleteRule>
<referredTableID>0F63C03E-AEEA-4EC8-9FF8-901AEED8D29A</referredTableID>
<keyObject>BFA67426-C146-025A-F64D-01E3FDE99F7C</keyObject>
<referredKeyID>BFA67426-C146-025A-F64D-01E3FDE99F7C</referredKeyID>
<mandatory>true</mandatory>
<refColNames>ID_Cliente</refColNames>
<transferable>true</transferable>
<rely>false</rely>
<columnDependencyConstraintGenerateInDDL>true</columnDependencyConstraintGenerateInDDL>
</FKIndexAssociation>
