<?xml version = '1.0' encoding = 'UTF-8'?>
<FKIndexAssociation class="oracle.dbtools.crest.model.design.relational.FKIndexAssociation" directorySegmentName="seg_0" id="24584527-0BE2-8076-1909-72B3C90D786A" containerWithKeyObject="79DF1C01-42AB-C903-B86D-28C688A35B5E" localFKIndex="09DB2F2C-A870-205C-CF38-29FD0895804E" name="PRODUCTO_PROVEEDOR_FK">
<createdBy>cristinalagosgonzalez</createdBy>
<createdTime>2026-02-05 14:24:19 UTC</createdTime>
<generatorID>13F67FA2-A0F7-9378-F386-C7BE03CC8B58</generatorID>
<ownerDesignName>Retail Solari SA</ownerDesignName>
<referredTableLongName>PROVEEDOR</referredTableLongName>
<deleteRule>NO ACTION</deleteRule>
<referredTableID>90E9AD79-88D4-40B2-86AF-ABDA91052135</referredTableID>
<keyObject>3539558F-2F0B-E0DC-C2FA-ACE55F724D8B</keyObject>
<referredKeyID>3539558F-2F0B-E0DC-C2FA-ACE55F724D8B</referredKeyID>
<mandatory>true</mandatory>
<refColNames>PROVEEDOR_ID</refColNames>
<transferable>true</transferable>
<rely>false</rely>
<columnDependencyConstraintGenerateInDDL>true</columnDependencyConstraintGenerateInDDL>
</FKIndexAssociation>
