<?xml version = '1.0' encoding = 'UTF-8'?>
<FKIndexAssociation class="oracle.dbtools.crest.model.design.relational.FKIndexAssociation" directorySegmentName="seg_0" id="28E2E6A0-347B-118F-9471-DAD450089AAA" containerWithKeyObject="DA363916-CB09-6B3A-96AC-186EBCF7704C" localFKIndex="C058C7C0-4FDD-9ED8-1640-9244BE8723F1" name="EMAIL_PROVEEDOR_FK">
<createdBy>cristinalagosgonzalez</createdBy>
<createdTime>2026-02-05 14:24:19 UTC</createdTime>
<generatorID>70428B9B-B26A-8DFB-9245-102257CE1EF2</generatorID>
<ownerDesignName>Retail Solari SA</ownerDesignName>
<referredTableLongName>PROVEEDOR</referredTableLongName>
<deleteRule>NO ACTION</deleteRule>
<referredTableID>90E9AD79-88D4-40B2-86AF-ABDA91052135</referredTableID>
<keyObject>3539558F-2F0B-E0DC-C2FA-ACE55F724D8B</keyObject>
<referredKeyID>3539558F-2F0B-E0DC-C2FA-ACE55F724D8B</referredKeyID>
<mandatory>true</mandatory>
<refColNames>PROVEEDOR_ID</refColNames>
<transferable>true</transferable>
<rely>false</rely>
<columnDependencyConstraintGenerateInDDL>true</columnDependencyConstraintGenerateInDDL>
</FKIndexAssociation>
