<?xml version = '1.0' encoding = 'UTF-8'?>
<FKIndexAssociation class="oracle.dbtools.crest.model.design.relational.FKIndexAssociation" directorySegmentName="seg_0" id="2FC7604D-ECA8-9C50-3C6A-25945666CF59" containerWithKeyObject="79DF1C01-42AB-C903-B86D-28C688A35B5E" localFKIndex="CE991115-2FC2-D80B-4DC8-844A4D37391A" name="PRODUCTO_CLIENTE_FK">
<createdBy>cristinalagosgonzalez</createdBy>
<createdTime>2026-02-05 14:24:19 UTC</createdTime>
<generatorID>4D915C54-C3CB-446E-91BD-F50EFDB8F43F</generatorID>
<ownerDesignName>Retail Solari SA</ownerDesignName>
<referredTableLongName>CLIENTE</referredTableLongName>
<deleteRule>NO ACTION</deleteRule>
<referredTableID>0F63C03E-AEEA-4EC8-9FF8-901AEED8D29A</referredTableID>
<keyObject>BFA67426-C146-025A-F64D-01E3FDE99F7C</keyObject>
<referredKeyID>BFA67426-C146-025A-F64D-01E3FDE99F7C</referredKeyID>
<mandatory>true</mandatory>
<refColNames>ID_Cliente</refColNames>
<transferable>true</transferable>
<rely>false</rely>
<columnDependencyConstraintGenerateInDDL>true</columnDependencyConstraintGenerateInDDL>
</FKIndexAssociation>
