<?xml version = '1.0' encoding = 'UTF-8'?>
<FKIndexAssociation class="oracle.dbtools.crest.model.design.relational.FKIndexAssociation" directorySegmentName="seg_0" id="3A842B82-FC2A-88B6-AC78-AB536D6D6141" containerWithKeyObject="79DF1C01-42AB-C903-B86D-28C688A35B5E" localFKIndex="48D6E306-CDB9-A690-16B4-D4A57CA5CD0E" name="PRODUCTO_SUCURSAL_FK">
<createdBy>cristinalagosgonzalez</createdBy>
<createdTime>2026-02-05 14:24:19 UTC</createdTime>
<generatorID>D66DBDC7-033D-0A4A-4ED1-B98F587E4D07</generatorID>
<ownerDesignName>Retail Solari SA</ownerDesignName>
<referredTableLongName>SUCURSAL</referredTableLongName>
<deleteRule>NO ACTION</deleteRule>
<referredTableID>40A36CCE-6D92-684F-DEC8-B04DD259671C</referredTableID>
<keyObject>936ED4FB-A49E-ACF1-63CF-3EC4FDB5A9B3</keyObject>
<referredKeyID>936ED4FB-A49E-ACF1-63CF-3EC4FDB5A9B3</referredKeyID>
<mandatory>true</mandatory>
<refColNames>ID_Sucursal</refColNames>
<transferable>true</transferable>
<rely>false</rely>
<columnDependencyConstraintGenerateInDDL>true</columnDependencyConstraintGenerateInDDL>
</FKIndexAssociation>
