<?xml version = '1.0' encoding = 'UTF-8'?>
<FKIndexAssociation class="oracle.dbtools.crest.model.design.relational.FKIndexAssociation" directorySegmentName="seg_0" id="3F9876F2-9684-E3A0-84EA-7B1FB6BF81EB" containerWithKeyObject="90E9AD79-88D4-40B2-86AF-ABDA91052135" localFKIndex="1EF05801-E651-61E8-C726-980DDD5A52DF" name="PROVEEDOR_COMUNA_FK">
<createdBy>cristinalagosgonzalez</createdBy>
<createdTime>2026-02-05 14:24:19 UTC</createdTime>
<generatorID>BB9ECF0C-6928-CE39-8266-8D259CEF4D6B</generatorID>
<ownerDesignName>Retail Solari SA</ownerDesignName>
<referredTableLongName>COMUNA</referredTableLongName>
<deleteRule>NO ACTION</deleteRule>
<referredTableID>145A18EC-9A3D-2C5E-D35E-3694C3398A6B</referredTableID>
<keyObject>D61C377B-3293-67C0-B336-84FB38EE5051</keyObject>
<referredKeyID>D61C377B-3293-67C0-B336-84FB38EE5051</referredKeyID>
<mandatory>true</mandatory>
<refColNames>ID_Comuna,REGION_ID_Region</refColNames>
<transferable>true</transferable>
<rely>false</rely>
<columnDependencyConstraintGenerateInDDL>true</columnDependencyConstraintGenerateInDDL>
</FKIndexAssociation>
