<?xml version = '1.0' encoding = 'UTF-8'?>
<FKIndexAssociation class="oracle.dbtools.crest.model.design.relational.FKIndexAssociation" directorySegmentName="seg_0" id="4768BE7E-FD6A-5733-FFD8-C0A66B0F27A6" containerWithKeyObject="0ACE450D-E0D7-233C-FC02-4DE54E4C43DE" localFKIndex="16515D45-5772-8FA7-C7D0-809B9E62558B" name="RAZON_SOCIAL_PROVEEDOR_FK">
<createdBy>cristinalagosgonzalez</createdBy>
<createdTime>2026-02-05 14:24:19 UTC</createdTime>
<generatorID>5D17C1FC-D5FF-4E4E-0875-248BD02A0929</generatorID>
<ownerDesignName>Retail Solari SA</ownerDesignName>
<referredTableLongName>PROVEEDOR</referredTableLongName>
<deleteRule>NO ACTION</deleteRule>
<referredTableID>90E9AD79-88D4-40B2-86AF-ABDA91052135</referredTableID>
<keyObject>3539558F-2F0B-E0DC-C2FA-ACE55F724D8B</keyObject>
<referredKeyID>3539558F-2F0B-E0DC-C2FA-ACE55F724D8B</referredKeyID>
<mandatory>true</mandatory>
<refColNames>PROVEEDOR_ID</refColNames>
<transferable>true</transferable>
<rely>false</rely>
<columnDependencyConstraintGenerateInDDL>true</columnDependencyConstraintGenerateInDDL>
</FKIndexAssociation>
