<?xml version = '1.0' encoding = 'UTF-8'?>
<FKIndexAssociation class="oracle.dbtools.crest.model.design.relational.FKIndexAssociation" directorySegmentName="seg_0" id="54A74EE6-FB6F-8596-1C30-89D38B05E17B" containerWithKeyObject="FD2B513B-3A35-DA2E-93DE-8F3798004C38" localFKIndex="2B0F37ED-6523-BDA8-11C7-8EEC2E7ECBCC" name="BODEGA_PRODUCTO_FK">
<createdBy>cristinalagosgonzalez</createdBy>
<createdTime>2026-02-05 14:24:19 UTC</createdTime>
<generatorID>CB136704-BCDE-B8D8-EE33-45686DE0D561</generatorID>
<ownerDesignName>Retail Solari SA</ownerDesignName>
<referredTableLongName>PRODUCTO</referredTableLongName>
<deleteRule>NO ACTION</deleteRule>
<referredTableID>79DF1C01-42AB-C903-B86D-28C688A35B5E</referredTableID>
<keyObject>867480B0-CC21-C744-16B9-D4A5E87FF91F</keyObject>
<referredKeyID>867480B0-CC21-C744-16B9-D4A5E87FF91F</referredKeyID>
<mandatory>true</mandatory>
<refColNames>ID_Producto,SUCURSAL_ID_Sucursal</refColNames>
<transferable>true</transferable>
<rely>false</rely>
<columnDependencyConstraintGenerateInDDL>true</columnDependencyConstraintGenerateInDDL>
</FKIndexAssociation>
