<?xml version = '1.0' encoding = 'UTF-8'?>
<FKIndexAssociation class="oracle.dbtools.crest.model.design.relational.FKIndexAssociation" directorySegmentName="seg_0" id="892950A1-B533-4DFE-3B82-03D2EC127050" containerWithKeyObject="145A18EC-9A3D-2C5E-D35E-3694C3398A6B" localFKIndex="E9D1EC52-FF72-5B26-938B-6428DC6600F2" name="COMUNA_REGION_FK">
<createdBy>cristinalagosgonzalez</createdBy>
<createdTime>2026-02-05 14:24:19 UTC</createdTime>
<generatorID>ACA4D4A5-B9C7-FAFA-03A4-3CE402E1195D</generatorID>
<ownerDesignName>Retail Solari SA</ownerDesignName>
<referredTableLongName>REGION</referredTableLongName>
<deleteRule>NO ACTION</deleteRule>
<referredTableID>571400D5-35F2-5B1E-B4D9-21C806F0EF7F</referredTableID>
<keyObject>D138DB1E-22E5-AB80-06B8-272ED330D5E1</keyObject>
<referredKeyID>D138DB1E-22E5-AB80-06B8-272ED330D5E1</referredKeyID>
<mandatory>true</mandatory>
<refColNames>ID_Region</refColNames>
<transferable>true</transferable>
<rely>false</rely>
<columnDependencyConstraintGenerateInDDL>true</columnDependencyConstraintGenerateInDDL>
</FKIndexAssociation>
