<?xml version = '1.0' encoding = 'UTF-8'?>
<FKIndexAssociation class="oracle.dbtools.crest.model.design.relational.FKIndexAssociation" directorySegmentName="seg_0" id="8AD677AA-FA0D-A15F-3471-D6E214E8E1A7" containerWithKeyObject="4F6BA5D6-C67E-B1BF-A81C-1D78D2026FF9" localFKIndex="C0B47529-E219-EC95-67E1-0F8997D6545A" name="MODELO_MARCA_FK">
<createdBy>cristinalagosgonzalez</createdBy>
<createdTime>2026-02-05 14:24:19 UTC</createdTime>
<generatorID>863AA10B-0FF0-A1A5-09DC-1A7B9D2DFCA7</generatorID>
<ownerDesignName>Retail Solari SA</ownerDesignName>
<referredTableLongName>MARCA</referredTableLongName>
<deleteRule>NO ACTION</deleteRule>
<referredTableID>D4B8A716-EFDB-3149-B32B-446FF8AD5EA4</referredTableID>
<keyObject>84DAEF8B-0794-EF50-BA7B-70BE7900A452</keyObject>
<referredKeyID>84DAEF8B-0794-EF50-BA7B-70BE7900A452</referredKeyID>
<mandatory>true</mandatory>
<refColNames>ID_Marca</refColNames>
<transferable>false</transferable>
<rely>false</rely>
<columnDependencyConstraintGenerateInDDL>true</columnDependencyConstraintGenerateInDDL>
</FKIndexAssociation>
