<?xml version = '1.0' encoding = 'UTF-8'?>
<FKIndexAssociation class="oracle.dbtools.crest.model.design.relational.FKIndexAssociation" directorySegmentName="seg_0" id="B5B71F44-6EAD-1B56-5C69-E53F4E60D059" containerWithKeyObject="0F63C03E-AEEA-4EC8-9FF8-901AEED8D29A" localFKIndex="1D41A638-F36F-BB9D-A0BF-DBC09A46DC41" name="CLIENTE_COMUNA_FK">
<createdBy>cristinalagosgonzalez</createdBy>
<createdTime>2026-02-05 14:24:19 UTC</createdTime>
<generatorID>508FFFEE-E11E-C583-9B2A-F7E8E79DB5CB</generatorID>
<ownerDesignName>Retail Solari SA</ownerDesignName>
<referredTableLongName>COMUNA</referredTableLongName>
<deleteRule>NO ACTION</deleteRule>
<referredTableID>145A18EC-9A3D-2C5E-D35E-3694C3398A6B</referredTableID>
<keyObject>D61C377B-3293-67C0-B336-84FB38EE5051</keyObject>
<referredKeyID>D61C377B-3293-67C0-B336-84FB38EE5051</referredKeyID>
<mandatory>true</mandatory>
<refColNames>ID_Comuna,REGION_ID_Region</refColNames>
<transferable>true</transferable>
<rely>false</rely>
<columnDependencyConstraintGenerateInDDL>true</columnDependencyConstraintGenerateInDDL>
</FKIndexAssociation>
