<?xml version = '1.0' encoding = 'UTF-8'?>
<FKIndexAssociation class="oracle.dbtools.crest.model.design.relational.FKIndexAssociation" directorySegmentName="seg_0" id="C2D16556-0332-3104-0FFE-AFD10B357CE1" containerWithKeyObject="991F19DB-08EF-A3DD-9D70-F9AEC1733840" localFKIndex="48A6AAB4-FC9D-6F58-3082-CCABCA7FA40E" name="DETALLE_BOLETA_BOLETA_FK">
<createdBy>cristinalagosgonzalez</createdBy>
<createdTime>2026-02-06 04:12:33 UTC</createdTime>
<generatorID>3D13338F-204F-9C36-F008-A33212A87053</generatorID>
<ownerDesignName>Retail Solari SA</ownerDesignName>
<referredTableLongName>BOLETA</referredTableLongName>
<deleteRule>NO ACTION</deleteRule>
<referredTableID>1BCC1E20-14D1-BC04-14E5-48FB61052F22</referredTableID>
<keyObject>CF646418-1524-5E38-9AF1-DF0A3713B0F3</keyObject>
<referredKeyID>CF646418-1524-5E38-9AF1-DF0A3713B0F3</referredKeyID>
<mandatory>true</mandatory>
<refColNames>ID_Boleta</refColNames>
<transferable>false</transferable>
<rely>false</rely>
<columnDependencyConstraintGenerateInDDL>true</columnDependencyConstraintGenerateInDDL>
</FKIndexAssociation>
