<?xml version = '1.0' encoding = 'UTF-8'?>
<FKIndexAssociation class="oracle.dbtools.crest.model.design.relational.FKIndexAssociation" directorySegmentName="seg_0" id="CB78D512-6E7F-316A-E4AD-F0178C52D06F" containerWithKeyObject="40A36CCE-6D92-684F-DEC8-B04DD259671C" localFKIndex="72843787-595B-17E4-DC46-2E9475A66939" name="SUCURSAL_COMUNA_FK">
<createdBy>cristinalagosgonzalez</createdBy>
<createdTime>2026-02-05 14:24:19 UTC</createdTime>
<generatorID>8C38886A-F389-40A3-2867-A7D666621779</generatorID>
<ownerDesignName>Retail Solari SA</ownerDesignName>
<referredTableLongName>COMUNA</referredTableLongName>
<deleteRule>NO ACTION</deleteRule>
<referredTableID>145A18EC-9A3D-2C5E-D35E-3694C3398A6B</referredTableID>
<keyObject>D61C377B-3293-67C0-B336-84FB38EE5051</keyObject>
<referredKeyID>D61C377B-3293-67C0-B336-84FB38EE5051</referredKeyID>
<mandatory>true</mandatory>
<refColNames>ID_Comuna,REGION_ID_Region</refColNames>
<transferable>true</transferable>
<rely>false</rely>
<columnDependencyConstraintGenerateInDDL>true</columnDependencyConstraintGenerateInDDL>
</FKIndexAssociation>
