<?xml version = '1.0' encoding = 'UTF-8'?>
<FKIndexAssociation class="oracle.dbtools.crest.model.design.relational.FKIndexAssociation" directorySegmentName="seg_0" id="E9D130C0-49D7-C4A6-2C93-5D61747855D5" containerWithKeyObject="7B6AF129-52B4-37B1-C821-46B108D413E4" localFKIndex="FA19716C-50B4-C859-F831-E546534733F7" name="PERSONA_NATURAL_PROVEEDOR_FK">
<createdBy>cristinalagosgonzalez</createdBy>
<createdTime>2026-02-05 14:24:19 UTC</createdTime>
<generatorID>32E42A97-EFE7-FDA2-B336-0740460EA2F3</generatorID>
<ownerDesignName>Retail Solari SA</ownerDesignName>
<referredTableLongName>PROVEEDOR</referredTableLongName>
<deleteRule>NO ACTION</deleteRule>
<referredTableID>90E9AD79-88D4-40B2-86AF-ABDA91052135</referredTableID>
<keyObject>3539558F-2F0B-E0DC-C2FA-ACE55F724D8B</keyObject>
<referredKeyID>3539558F-2F0B-E0DC-C2FA-ACE55F724D8B</referredKeyID>
<mandatory>true</mandatory>
<refColNames>PROVEEDOR_ID</refColNames>
<transferable>true</transferable>
<rely>false</rely>
<columnDependencyConstraintGenerateInDDL>true</columnDependencyConstraintGenerateInDDL>
</FKIndexAssociation>
