<?xml version = '1.0' encoding = 'UTF-8'?>
<FKIndexAssociation class="oracle.dbtools.crest.model.design.relational.FKIndexAssociation" directorySegmentName="seg_0" id="FA52D041-D1F3-4E89-EFC5-4C65297AC3F7" containerWithKeyObject="3DEBC1A8-82E2-0830-8A10-9DB8D8CD4162" localFKIndex="F6DAE2B7-8C6B-2C96-0AF1-EE362FB9C54E" name="TELEFONO_PROVEEDOR_FK">
<createdBy>cristinalagosgonzalez</createdBy>
<createdTime>2026-02-05 14:24:19 UTC</createdTime>
<generatorID>E3769FC0-124F-F883-234C-60BAC825FDFF</generatorID>
<ownerDesignName>Retail Solari SA</ownerDesignName>
<referredTableLongName>PROVEEDOR</referredTableLongName>
<deleteRule>NO ACTION</deleteRule>
<referredTableID>90E9AD79-88D4-40B2-86AF-ABDA91052135</referredTableID>
<keyObject>3539558F-2F0B-E0DC-C2FA-ACE55F724D8B</keyObject>
<referredKeyID>3539558F-2F0B-E0DC-C2FA-ACE55F724D8B</referredKeyID>
<mandatory>true</mandatory>
<refColNames>PROVEEDOR_ID</refColNames>
<transferable>true</transferable>
<rely>false</rely>
<columnDependencyConstraintGenerateInDDL>true</columnDependencyConstraintGenerateInDDL>
</FKIndexAssociation>
