<?xml version = '1.0' encoding = 'UTF-8'?>
<Relation class="oracle.dbtools.crest.model.design.logical.InheritanceRelation" name="Hierarchy_7" directorySegmentName="seg_0" id="32E42A97-EFE7-FDA2-B336-0740460EA2F3">
<createdBy>cristinalagosgonzalez</createdBy>
<createdTime>2026-02-05 13:13:55 UTC</createdTime>
<ownerDesignName>Retail Solari SA</ownerDesignName>
<engineerTo>
<item key="772AD803-5168-3ED7-844B-4FB296B83E88" value="true"/>
</engineerTo>
<arc>0544B764-A220-C751-80AC-B7045E18C7AA</arc>
<identifying>false</identifying>
<nameOnSource>Super Type</nameOnSource>
<nameOnTarget>Sub Type</nameOnTarget>
<optionalSource>true</optionalSource>
<optionalTarget>true</optionalTarget>
<sourceEntity>2879BEFC-941B-4CB5-DBE6-9649E01999E6</sourceEntity>
<targetEntity>1C43D4B7-3EF2-0AE3-3D6C-F1A1086BB80F</targetEntity>
<transferable>true</transferable>
<deleteRule>NO ACTION</deleteRule>
</Relation>
