<?xml version = '1.0' encoding = 'UTF-8'?>
<Relation class="oracle.dbtools.crest.model.design.logical.InheritanceRelation" name="Hierarchy_8" directorySegmentName="seg_0" id="5D17C1FC-D5FF-4E4E-0875-248BD02A0929">
<createdBy>cristinalagosgonzalez</createdBy>
<createdTime>2026-02-05 13:14:20 UTC</createdTime>
<ownerDesignName>Retail Solari SA</ownerDesignName>
<engineerTo>
<item key="772AD803-5168-3ED7-844B-4FB296B83E88" value="true"/>
</engineerTo>
<arc>0544B764-A220-C751-80AC-B7045E18C7AA</arc>
<identifying>false</identifying>
<nameOnSource>Super Type</nameOnSource>
<nameOnTarget>Sub Type</nameOnTarget>
<optionalSource>true</optionalSource>
<optionalTarget>true</optionalTarget>
<sourceEntity>2879BEFC-941B-4CB5-DBE6-9649E01999E6</sourceEntity>
<targetEntity>D71F3BAF-0250-B5C2-2229-C819167883AC</targetEntity>
<transferable>true</transferable>
<deleteRule>NO ACTION</deleteRule>
</Relation>
