<?xml version = '1.0' encoding = 'UTF-8'?>
<Relation class="oracle.dbtools.crest.model.design.logical.Relation" name="Proveedor-producto" directorySegmentName="seg_0" id="13F67FA2-A0F7-9378-F386-C7BE03CC8B58">
<createdBy>cristinalagosgonzalez</createdBy>
<createdTime>2026-02-05 13:30:44 UTC</createdTime>
<ownerDesignName>Retail Solari SA</ownerDesignName>
<engineerTo>
<item key="772AD803-5168-3ED7-844B-4FB296B83E88" value="true"/>
</engineerTo>
<identifying>false</identifying>
<optionalSource>false</optionalSource>
<optionalTarget>false</optionalTarget>
<sourceCardinality>1</sourceCardinality>
<sourceEntity>2879BEFC-941B-4CB5-DBE6-9649E01999E6</sourceEntity>
<targetCardinalityString>*</targetCardinalityString>
<targetEntity>7E6E03F3-5654-F848-EF45-BB9EA744B13B</targetEntity>
<transferable>true</transferable>
<deleteRule>NO ACTION</deleteRule>
</Relation>
