<?xml version = '1.0' encoding = 'UTF-8'?>
<Relation class="oracle.dbtools.crest.model.design.logical.Relation" name="Relation_19" directorySegmentName="seg_0" id="3D13338F-204F-9C36-F008-A33212A87053">
<createdBy>cristinalagosgonzalez</createdBy>
<createdTime>2026-02-06 04:10:23 UTC</createdTime>
<ownerDesignName>Retail Solari SA</ownerDesignName>
<engineerTo>
<item key="772AD803-5168-3ED7-844B-4FB296B83E88" value="true"/>
</engineerTo>
<sourceTransferable>false</sourceTransferable>
<targetTransferable>false</targetTransferable>
<sourcePk>19D4E3E7-C146-30C0-011C-2808830A1768</sourcePk>
<identifying>true</identifying>
<optionalSource>false</optionalSource>
<optionalTarget>false</optionalTarget>
<sourceCardinality>1</sourceCardinality>
<sourceEntity>1D8F3BCC-A2F2-0332-8A7F-6C6DA4003622</sourceEntity>
<targetCardinalityString>*</targetCardinalityString>
<targetEntity>527CD9C6-8D8A-DE8F-5CE5-5F1C8A95F1B6</targetEntity>
<transferable>true</transferable>
<deleteRule>NO ACTION</deleteRule>
</Relation>
