<?xml version = '1.0' encoding = 'UTF-8'?>
<Relation class="oracle.dbtools.crest.model.design.logical.Relation" name="Cliente-Boleta" directorySegmentName="seg_0" id="485CAF66-4EBB-7BF5-FF6A-795A6C1A88A8">
<createdBy>cristinalagosgonzalez</createdBy>
<createdTime>2026-02-05 01:31:34 UTC</createdTime>
<ownerDesignName>Retail Solari SA</ownerDesignName>
<engineerTo>
<item key="772AD803-5168-3ED7-844B-4FB296B83E88" value="true"/>
</engineerTo>
<sourcePk>D0F8FB8B-7D42-EB6A-8CFE-D0A110866F76</sourcePk>
<identifying>false</identifying>
<optionalSource>false</optionalSource>
<optionalTarget>false</optionalTarget>
<sourceCardinality>1</sourceCardinality>
<sourceEntity>61E225EE-1100-53DD-68D3-E4EB00A7AC9F</sourceEntity>
<targetCardinalityString>*</targetCardinalityString>
<targetEntity>1D8F3BCC-A2F2-0332-8A7F-6C6DA4003622</targetEntity>
<transferable>true</transferable>
<deleteRule>NO ACTION</deleteRule>
</Relation>
