<?xml version = '1.0' encoding = 'UTF-8'?>
<Relation class="oracle.dbtools.crest.model.design.logical.Relation" name="Cliente-Producto" directorySegmentName="seg_0" id="4D915C54-C3CB-446E-91BD-F50EFDB8F43F">
<createdBy>cristinalagosgonzalez</createdBy>
<createdTime>2026-02-05 01:32:23 UTC</createdTime>
<ownerDesignName>Retail Solari SA</ownerDesignName>
<engineerTo>
<item key="772AD803-5168-3ED7-844B-4FB296B83E88" value="true"/>
</engineerTo>
<sourcePk>D0F8FB8B-7D42-EB6A-8CFE-D0A110866F76</sourcePk>
<identifying>false</identifying>
<optionalSource>false</optionalSource>
<optionalTarget>false</optionalTarget>
<sourceCardinality>1</sourceCardinality>
<sourceEntity>61E225EE-1100-53DD-68D3-E4EB00A7AC9F</sourceEntity>
<targetCardinalityString>*</targetCardinalityString>
<targetEntity>7E6E03F3-5654-F848-EF45-BB9EA744B13B</targetEntity>
<transferable>true</transferable>
<deleteRule>NO ACTION</deleteRule>
<attributes itemClass="oracle.dbtools.crest.model.design.logical.Attribute">
<attribute name="Cantidad" id="29B9528C-AA47-7CF7-20AA-4E4ABDB37F24">
<createdBy>cristinalagosgonzalez</createdBy>
<createdTime>2026-02-05 13:23:09 UTC</createdTime>
<ownerDesignName>Retail Solari SA</ownerDesignName>
<engineerTo>
<item key="772AD803-5168-3ED7-844B-4FB296B83E88" value="true"/>
</engineerTo>
<useDomainConstraints>false</useDomainConstraints>
<use>1</use>
<logicalDatatype>LOGDT019</logicalDatatype>
<dataTypePrecision>1000</dataTypePrecision>
<dataTypeScale>0</dataTypeScale>
<ownDataTypeParameters>,1000,0</ownDataTypeParameters>
</attribute>
</attributes>
</Relation>
