<?xml version = '1.0' encoding = 'UTF-8'?>
<Relation class="oracle.dbtools.crest.model.design.logical.Relation" name="Relation_18" directorySegmentName="seg_0" id="508FFFEE-E11E-C583-9B2A-F7E8E79DB5CB">
<createdBy>cristinalagosgonzalez</createdBy>
<createdTime>2026-02-05 13:38:21 UTC</createdTime>
<ownerDesignName>Retail Solari SA</ownerDesignName>
<engineerTo>
<item key="772AD803-5168-3ED7-844B-4FB296B83E88" value="true"/>
</engineerTo>
<sourcePk>D6D97B34-4DEB-279B-B8B2-F5F36D1B048A</sourcePk>
<identifying>false</identifying>
<optionalSource>true</optionalSource>
<optionalTarget>false</optionalTarget>
<sourceCardinality>1</sourceCardinality>
<sourceEntity>B80B6A5C-6244-91C9-2794-A1EA266888A9</sourceEntity>
<targetCardinalityString>*</targetCardinalityString>
<targetEntity>61E225EE-1100-53DD-68D3-E4EB00A7AC9F</targetEntity>
<transferable>true</transferable>
<deleteRule>NO ACTION</deleteRule>
</Relation>
