<?xml version = '1.0' encoding = 'UTF-8'?>
<Relation class="oracle.dbtools.crest.model.design.logical.Relation" name="Relation_20" directorySegmentName="seg_0" id="70428B9B-B26A-8DFB-9245-102257CE1EF2">
<createdBy>cristinalagosgonzalez</createdBy>
<createdTime>2026-02-05 13:58:25 UTC</createdTime>
<ownerDesignName>Retail Solari SA</ownerDesignName>
<engineerTo>
<item key="772AD803-5168-3ED7-844B-4FB296B83E88" value="true"/>
</engineerTo>
<identifying>true</identifying>
<optionalSource>true</optionalSource>
<optionalTarget>false</optionalTarget>
<sourceCardinality>1</sourceCardinality>
<sourceEntity>2879BEFC-941B-4CB5-DBE6-9649E01999E6</sourceEntity>
<targetCardinalityString>*</targetCardinalityString>
<targetEntity>02380F3C-6512-85CD-80CC-34C93EFEDE3F</targetEntity>
<transferable>true</transferable>
<deleteRule>NO ACTION</deleteRule>
</Relation>
