<?xml version = '1.0' encoding = 'UTF-8'?>
<Relation class="oracle.dbtools.crest.model.design.logical.Relation" name="Marca-Modelo" directorySegmentName="seg_0" id="863AA10B-0FF0-A1A5-09DC-1A7B9D2DFCA7">
<createdBy>cristinalagosgonzalez</createdBy>
<createdTime>2026-02-05 03:41:16 UTC</createdTime>
<ownerDesignName>Retail Solari SA</ownerDesignName>
<engineerTo>
<item key="772AD803-5168-3ED7-844B-4FB296B83E88" value="true"/>
</engineerTo>
<sourceTransferable>false</sourceTransferable>
<targetTransferable>false</targetTransferable>
<sourcePk>42A00437-780E-0E58-DDC0-7FA467B41F3F</sourcePk>
<identifying>false</identifying>
<optionalSource>false</optionalSource>
<optionalTarget>false</optionalTarget>
<sourceCardinality>1</sourceCardinality>
<sourceEntity>6C6CD6C3-14E0-225D-ADC5-F267BB394F08</sourceEntity>
<targetCardinalityString>*</targetCardinalityString>
<targetEntity>B685D442-E809-846E-B08E-99B55286C7DF</targetEntity>
<transferable>true</transferable>
<deleteRule>NO ACTION</deleteRule>
</Relation>
