<?xml version = '1.0' encoding = 'UTF-8'?>
<Relation class="oracle.dbtools.crest.model.design.logical.Relation" name="Relation_17" directorySegmentName="seg_0" id="8C38886A-F389-40A3-2867-A7D666621779">
<createdBy>cristinalagosgonzalez</createdBy>
<createdTime>2026-02-05 13:36:33 UTC</createdTime>
<ownerDesignName>Retail Solari SA</ownerDesignName>
<engineerTo>
<item key="772AD803-5168-3ED7-844B-4FB296B83E88" value="true"/>
</engineerTo>
<sourcePk>D6D97B34-4DEB-279B-B8B2-F5F36D1B048A</sourcePk>
<identifying>false</identifying>
<optionalSource>true</optionalSource>
<optionalTarget>false</optionalTarget>
<sourceCardinality>1</sourceCardinality>
<sourceEntity>B80B6A5C-6244-91C9-2794-A1EA266888A9</sourceEntity>
<targetCardinalityString>*</targetCardinalityString>
<targetEntity>E50688D7-26F5-AB54-F523-D370028FEFAB</targetEntity>
<transferable>true</transferable>
<deleteRule>NO ACTION</deleteRule>
</Relation>
