<?xml version = '1.0' encoding = 'UTF-8'?>
<Relation class="oracle.dbtools.crest.model.design.logical.Relation" name="Comuna-Region" directorySegmentName="seg_0" id="ACA4D4A5-B9C7-FAFA-03A4-3CE402E1195D">
<createdBy>cristinalagosgonzalez</createdBy>
<createdTime>2026-02-04 13:53:23 UTC</createdTime>
<ownerDesignName>Retail Solari SA</ownerDesignName>
<engineerTo>
<item key="772AD803-5168-3ED7-844B-4FB296B83E88" value="true"/>
</engineerTo>
<sourcePk>93860496-E2F2-4593-C5D4-4983F3E78A9D</sourcePk>
<identifying>true</identifying>
<optionalSource>false</optionalSource>
<optionalTarget>false</optionalTarget>
<sourceCardinality>1</sourceCardinality>
<sourceEntity>FB8EC01B-9B2B-84E6-301B-2B3179B7D78D</sourceEntity>
<targetCardinalityString>*</targetCardinalityString>
<targetEntity>B80B6A5C-6244-91C9-2794-A1EA266888A9</targetEntity>
<transferable>true</transferable>
<deleteRule>NO ACTION</deleteRule>
</Relation>
