<?xml version = '1.0' encoding = 'UTF-8'?>
<Relation class="oracle.dbtools.crest.model.design.logical.Relation" name="Relation_15" directorySegmentName="seg_0" id="BB9ECF0C-6928-CE39-8266-8D259CEF4D6B">
<createdBy>cristinalagosgonzalez</createdBy>
<createdTime>2026-02-05 13:24:40 UTC</createdTime>
<ownerDesignName>Retail Solari SA</ownerDesignName>
<engineerTo>
<item key="772AD803-5168-3ED7-844B-4FB296B83E88" value="true"/>
</engineerTo>
<sourcePk>D6D97B34-4DEB-279B-B8B2-F5F36D1B048A</sourcePk>
<identifying>false</identifying>
<optionalSource>true</optionalSource>
<optionalTarget>false</optionalTarget>
<sourceCardinality>1</sourceCardinality>
<sourceEntity>B80B6A5C-6244-91C9-2794-A1EA266888A9</sourceEntity>
<targetCardinalityString>*</targetCardinalityString>
<targetEntity>2879BEFC-941B-4CB5-DBE6-9649E01999E6</targetEntity>
<transferable>true</transferable>
<deleteRule>NO ACTION</deleteRule>
</Relation>
