<?xml version = '1.0' encoding = 'UTF-8'?>
<Relation class="oracle.dbtools.crest.model.design.logical.Relation" name="Relation_21" directorySegmentName="seg_0" id="CB136704-BCDE-B8D8-EE33-45686DE0D561">
<createdBy>cristinalagosgonzalez</createdBy>
<createdTime>2026-02-05 14:03:43 UTC</createdTime>
<ownerDesignName>Retail Solari SA</ownerDesignName>
<engineerTo>
<item key="772AD803-5168-3ED7-844B-4FB296B83E88" value="true"/>
</engineerTo>
<sourcePk>D17F9D93-F24E-ED0A-F991-117F1A1BF700</sourcePk>
<identifying>false</identifying>
<optionalSource>true</optionalSource>
<optionalTarget>false</optionalTarget>
<sourceCardinality>1</sourceCardinality>
<sourceEntity>7E6E03F3-5654-F848-EF45-BB9EA744B13B</sourceEntity>
<targetCardinalityString>*</targetCardinalityString>
<targetEntity>3DB7A0FF-22C6-155E-E9EA-9B73349725C9</targetEntity>
<transferable>true</transferable>
<deleteRule>NO ACTION</deleteRule>
</Relation>
