<?xml version = '1.0' encoding = 'UTF-8'?>
<Relation class="oracle.dbtools.crest.model.design.logical.Relation" name="Relation_14" directorySegmentName="seg_0" id="D66DBDC7-033D-0A4A-4ED1-B98F587E4D07">
<createdBy>cristinalagosgonzalez</createdBy>
<createdTime>2026-02-05 13:21:42 UTC</createdTime>
<ownerDesignName>Retail Solari SA</ownerDesignName>
<engineerTo>
<item key="772AD803-5168-3ED7-844B-4FB296B83E88" value="true"/>
</engineerTo>
<sourcePk>7D334138-6A61-F10E-6C7E-79D304A06D08</sourcePk>
<identifying>true</identifying>
<optionalSource>true</optionalSource>
<optionalTarget>false</optionalTarget>
<sourceCardinality>1</sourceCardinality>
<sourceEntity>E50688D7-26F5-AB54-F523-D370028FEFAB</sourceEntity>
<targetCardinalityString>*</targetCardinalityString>
<targetEntity>7E6E03F3-5654-F848-EF45-BB9EA744B13B</targetEntity>
<transferable>true</transferable>
<deleteRule>NO ACTION</deleteRule>
</Relation>
