<?xml version = '1.0' encoding = 'UTF-8'?>
<Relation class="oracle.dbtools.crest.model.design.logical.Relation" name="Producto-Marca" directorySegmentName="seg_0" id="D864DCD2-1D6D-0A9C-70C1-DE87EC7F836A">
<createdBy>cristinalagosgonzalez</createdBy>
<createdTime>2026-02-05 03:52:52 UTC</createdTime>
<ownerDesignName>Retail Solari SA</ownerDesignName>
<engineerTo>
<item key="772AD803-5168-3ED7-844B-4FB296B83E88" value="true"/>
</engineerTo>
<sourceTransferable>false</sourceTransferable>
<sourcePk>D17F9D93-F24E-ED0A-F991-117F1A1BF700</sourcePk>
<identifying>false</identifying>
<optionalSource>false</optionalSource>
<optionalTarget>false</optionalTarget>
<sourceCardinality>1</sourceCardinality>
<sourceEntity>7E6E03F3-5654-F848-EF45-BB9EA744B13B</sourceEntity>
<targetCardinalityString>*</targetCardinalityString>
<targetEntity>B685D442-E809-846E-B08E-99B55286C7DF</targetEntity>
<transferable>true</transferable>
<deleteRule>NO ACTION</deleteRule>
</Relation>
