<?xml version = '1.0' encoding = 'UTF-8'?>
<Relation class="oracle.dbtools.crest.model.design.logical.Relation" name="Relation_22" directorySegmentName="seg_0" id="E3769FC0-124F-F883-234C-60BAC825FDFF">
<createdBy>cristinalagosgonzalez</createdBy>
<createdTime>2026-02-05 14:11:26 UTC</createdTime>
<ownerDesignName>Retail Solari SA</ownerDesignName>
<engineerTo>
<item key="772AD803-5168-3ED7-844B-4FB296B83E88" value="true"/>
</engineerTo>
<identifying>false</identifying>
<optionalSource>true</optionalSource>
<optionalTarget>false</optionalTarget>
<sourceCardinality>1</sourceCardinality>
<sourceEntity>2879BEFC-941B-4CB5-DBE6-9649E01999E6</sourceEntity>
<targetCardinalityString>*</targetCardinalityString>
<targetEntity>098EAFA7-CF3B-EC90-CF28-585404654BAE</targetEntity>
<transferable>true</transferable>
<deleteRule>NO ACTION</deleteRule>
</Relation>
