<?xml version = '1.0' encoding = 'UTF-8'?>
<Diagram class="oracle.dbtools.crest.swingui.logical.DPVLogical" name="Logical" id="08BE9283-34DD-07EA-1CA1-091DAC8BD461">
<createdBy>cristinalagosgonzalez</createdBy>
<modifiedBy>cristinalagosgonzalez</modifiedBy>
<createdTime>2026-02-04 13:31:18 UTC</createdTime>
<autoRoute>false</autoRoute>
<boxInbox>false</boxInbox>
<showLegend>false</showLegend>
<showLabels>false</showLabels>
<showRelAttributes>true</showRelAttributes>
<gridEnabled>false</gridEnabled>
<showGrid>false</showGrid>
<diagramColor>-1</diagramColor>
<display>false</display>
<notation>1</notation>
<objectViews>
<OView class="oracle.dbtools.crest.swingui.logical.TVEntity" oid="02380F3C-6512-85CD-80CC-34C93EFEDE3F" otype="Entity" vid="C60BF132-6B59-7501-DF80-539709D9F117">
<hideElementsInCurrentOnly>false</hideElementsInCurrentOnly>
<bounds x="794" y="20" width="197" height="59"/>
</OView>
<OView class="oracle.dbtools.crest.swingui.logical.TVEntity" oid="098EAFA7-CF3B-EC90-CF28-585404654BAE" otype="Entity" vid="9EC8BFBA-AFD1-39C4-5F1A-426849142273">
<hideElementsInCurrentOnly>false</hideElementsInCurrentOnly>
<bounds x="795" y="92" width="212" height="58"/>
</OView>
<OView class="oracle.dbtools.crest.swingui.logical.TVEntity" oid="1C43D4B7-3EF2-0AE3-3D6C-F1A1086BB80F" otype="Entity" vid="B464C129-E30B-CED5-19BA-59836A1D1293">
<hideElementsInCurrentOnly>false</hideElementsInCurrentOnly>
<bounds x="45" y="26" width="228" height="97"/>
</OView>
<OView class="oracle.dbtools.crest.swingui.logical.TVEntity" oid="1D8F3BCC-A2F2-0332-8A7F-6C6DA4003622" otype="Entity" vid="C5ECF4D6-839C-CEA7-2E2F-A224D8E347C0">
<hideElementsInCurrentOnly>false</hideElementsInCurrentOnly>
<bounds x="405" y="547" width="198" height="84"/>
</OView>
<OView class="oracle.dbtools.crest.swingui.logical.TVEntity" oid="2879BEFC-941B-4CB5-DBE6-9649E01999E6" otype="Entity" vid="3F497945-6FEB-C3B3-F80B-E34B58E75722">
<hideElementsInCurrentOnly>false</hideElementsInCurrentOnly>
<bounds x="409" y="30" width="244" height="130"/>
</OView>
<OView class="oracle.dbtools.crest.swingui.logical.TVEntity" oid="3DB7A0FF-22C6-155E-E9EA-9B73349725C9" otype="Entity" vid="3CDD2918-26B4-4FEC-74FE-1C7E998F8FA6">
<hideElementsInCurrentOnly>false</hideElementsInCurrentOnly>
<bounds x="38" y="265" width="229" height="86"/>
</OView>
<OView class="oracle.dbtools.crest.swingui.logical.TVEntity" oid="527CD9C6-8D8A-DE8F-5CE5-5F1C8A95F1B6" otype="Entity" vid="B05A6607-AB4C-FD3C-5F75-7DCBCFD9E19E">
<hideElementsInCurrentOnly>false</hideElementsInCurrentOnly>
<bounds x="51" y="525" width="236" height="125"/>
</OView>
<OView class="oracle.dbtools.crest.swingui.logical.TVEntity" oid="61E225EE-1100-53DD-68D3-E4EB00A7AC9F" otype="Entity" vid="13D10C13-4C04-9C47-C623-E745076EE876">
<hideElementsInCurrentOnly>false</hideElementsInCurrentOnly>
<bounds x="408" y="409" width="223" height="110"/>
</OView>
<OView class="oracle.dbtools.crest.swingui.logical.TVEntity" oid="6C6CD6C3-14E0-225D-ADC5-F267BB394F08" otype="Entity" vid="54BB8CF7-D82E-B28A-70FF-54B2B772BD5F">
<hideElementsInCurrentOnly>false</hideElementsInCurrentOnly>
<bounds x="1068" y="392" width="220" height="78"/>
</OView>
<OView class="oracle.dbtools.crest.swingui.logical.TVEntity" oid="7E6E03F3-5654-F848-EF45-BB9EA744B13B" otype="Entity" vid="DE678D5D-D80E-F2CA-0ACF-BA2D9DDE6863">
<hideElementsInCurrentOnly>false</hideElementsInCurrentOnly>
<bounds x="420" y="189" width="244" height="162"/>
</OView>
<OView class="oracle.dbtools.crest.swingui.logical.TVEntity" oid="B685D442-E809-846E-B08E-99B55286C7DF" otype="Entity" vid="28C2661A-5243-2BB1-D783-1D9A5F9B20B6">
<hideElementsInCurrentOnly>false</hideElementsInCurrentOnly>
<bounds x="722" y="358" width="275" height="139"/>
</OView>
<OView class="oracle.dbtools.crest.swingui.logical.TVEntity" oid="B80B6A5C-6244-91C9-2794-A1EA266888A9" otype="Entity" vid="1DE10CBF-A1A4-D685-0E8B-221670160DBC">
<hideElementsInCurrentOnly>false</hideElementsInCurrentOnly>
<bounds x="1082" y="229" width="223" height="84"/>
</OView>
<OView class="oracle.dbtools.crest.swingui.logical.TVEntity" oid="D71F3BAF-0250-B5C2-2229-C819167883AC" otype="Entity" vid="D25AACEA-C29A-720F-68BC-47E13C2B50A4">
<hideElementsInCurrentOnly>false</hideElementsInCurrentOnly>
<bounds x="44" y="141" width="232" height="91"/>
</OView>
<OView class="oracle.dbtools.crest.swingui.logical.TVEntity" oid="E50688D7-26F5-AB54-F523-D370028FEFAB" otype="Entity" vid="1A93AB25-7E6E-BFCE-C2F2-50BDC880EE1D">
<hideElementsInCurrentOnly>false</hideElementsInCurrentOnly>
<bounds x="704" y="209" width="223" height="110"/>
</OView>
<OView class="oracle.dbtools.crest.swingui.logical.TVEntity" oid="FB8EC01B-9B2B-84E6-301B-2B3179B7D78D" otype="Entity" vid="C9360F28-75DE-F335-21C6-C469C34E414F">
<hideElementsInCurrentOnly>false</hideElementsInCurrentOnly>
<bounds x="1065" y="51" width="201" height="76"/>
</OView>
</objectViews>
<connectors>
<Connector class="oracle.dbtools.crest.swingui.logical.TVRelation" oid="13F67FA2-A0F7-9378-F386-C7BE03CC8B58" otype="Relation" vid_source="3F497945-6FEB-C3B3-F80B-E34B58E75722" vid_target="DE678D5D-D80E-F2CA-0ACF-BA2D9DDE6863">
<hideElementsInCurrentOnly>false</hideElementsInCurrentOnly>
<backgroundColor>-16777216</backgroundColor>
<lineWidth>1</lineWidth>
<points>
<point x="536" y="160"/>
<point x="536" y="189"/>
</points>
</Connector>
<Connector class="oracle.dbtools.crest.swingui.logical.TVInheritanceRelation" oid="32E42A97-EFE7-FDA2-B336-0740460EA2F3" otype="Hierarchy relation" vid_source="3F497945-6FEB-C3B3-F80B-E34B58E75722" vid_target="B464C129-E30B-CED5-19BA-59836A1D1293">
<hideElementsInCurrentOnly>false</hideElementsInCurrentOnly>
<backgroundColor>-65536</backgroundColor>
<lineWidth>1</lineWidth>
<points>
<point x="409" y="76"/>
<point x="273" y="76"/>
</points>
</Connector>
<Connector class="oracle.dbtools.crest.swingui.logical.TVRelation" oid="3D13338F-204F-9C36-F008-A33212A87053" otype="Relation" vid_source="C5ECF4D6-839C-CEA7-2E2F-A224D8E347C0" vid_target="B05A6607-AB4C-FD3C-5F75-7DCBCFD9E19E">
<hideElementsInCurrentOnly>false</hideElementsInCurrentOnly>
<backgroundColor>-16777216</backgroundColor>
<lineWidth>1</lineWidth>
<points>
<point x="405" y="610"/>
<point x="287" y="610"/>
</points>
</Connector>
<Connector class="oracle.dbtools.crest.swingui.logical.TVRelation" oid="485CAF66-4EBB-7BF5-FF6A-795A6C1A88A8" otype="Relation" vid_source="13D10C13-4C04-9C47-C623-E745076EE876" vid_target="C5ECF4D6-839C-CEA7-2E2F-A224D8E347C0">
<hideElementsInCurrentOnly>false</hideElementsInCurrentOnly>
<backgroundColor>-16777216</backgroundColor>
<lineWidth>1</lineWidth>
<points>
<point x="518" y="519"/>
<point x="518" y="547"/>
</points>
</Connector>
<Connector class="oracle.dbtools.crest.swingui.logical.TVRelation" oid="4D915C54-C3CB-446E-91BD-F50EFDB8F43F" otype="Relation" vid_source="13D10C13-4C04-9C47-C623-E745076EE876" vid_target="DE678D5D-D80E-F2CA-0ACF-BA2D9DDE6863">
<hideElementsInCurrentOnly>false</hideElementsInCurrentOnly>
<backgroundColor>-16777216</backgroundColor>
<lineWidth>1</lineWidth>
<centerLabel class="oracle.dbtools.crest.model.design.Label">
<site>1</site>
<labelBounds x="3" y="151" width="181" height="26"/>
<noBackgroundColor>true</noBackgroundColor>
<noForegroundColor>true</noForegroundColor>
</centerLabel>
<points>
<point x="525" y="409"/>
<point x="525" y="351"/>
</points>
</Connector>
<Connector class="oracle.dbtools.crest.swingui.logical.TVRelation" oid="508FFFEE-E11E-C583-9B2A-F7E8E79DB5CB" otype="Relation" vid_source="1DE10CBF-A1A4-D685-0E8B-221670160DBC" vid_target="13D10C13-4C04-9C47-C623-E745076EE876">
<hideElementsInCurrentOnly>false</hideElementsInCurrentOnly>
<backgroundColor>-16777216</backgroundColor>
<lineWidth>1</lineWidth>
<points>
<point x="1305" y="255"/>
<point x="1343" y="255"/>
<point x="1339" y="512"/>
<point x="631" y="512"/>
</points>
</Connector>
<Connector class="oracle.dbtools.crest.swingui.logical.TVInheritanceRelation" oid="5D17C1FC-D5FF-4E4E-0875-248BD02A0929" otype="Hierarchy relation" vid_source="3F497945-6FEB-C3B3-F80B-E34B58E75722" vid_target="D25AACEA-C29A-720F-68BC-47E13C2B50A4">
<hideElementsInCurrentOnly>false</hideElementsInCurrentOnly>
<backgroundColor>-65536</backgroundColor>
<lineWidth>1</lineWidth>
<points>
<point x="409" y="150"/>
<point x="276" y="150"/>
</points>
</Connector>
<Connector class="oracle.dbtools.crest.swingui.logical.TVRelation" oid="70428B9B-B26A-8DFB-9245-102257CE1EF2" otype="Relation" vid_source="3F497945-6FEB-C3B3-F80B-E34B58E75722" vid_target="C60BF132-6B59-7501-DF80-539709D9F117">
<hideElementsInCurrentOnly>false</hideElementsInCurrentOnly>
<backgroundColor>-16777216</backgroundColor>
<lineWidth>1</lineWidth>
<points>
<point x="653" y="54"/>
<point x="794" y="54"/>
</points>
</Connector>
<Connector class="oracle.dbtools.crest.swingui.logical.TVRelation" oid="863AA10B-0FF0-A1A5-09DC-1A7B9D2DFCA7" otype="Relation" vid_source="54BB8CF7-D82E-B28A-70FF-54B2B772BD5F" vid_target="28C2661A-5243-2BB1-D783-1D9A5F9B20B6">
<hideElementsInCurrentOnly>false</hideElementsInCurrentOnly>
<backgroundColor>-16777216</backgroundColor>
<lineWidth>1</lineWidth>
<points>
<point x="1068" y="431"/>
<point x="997" y="431"/>
</points>
</Connector>
<Connector class="oracle.dbtools.crest.swingui.logical.TVRelation" oid="8C38886A-F389-40A3-2867-A7D666621779" otype="Relation" vid_source="1DE10CBF-A1A4-D685-0E8B-221670160DBC" vid_target="1A93AB25-7E6E-BFCE-C2F2-50BDC880EE1D">
<hideElementsInCurrentOnly>false</hideElementsInCurrentOnly>
<backgroundColor>-16777216</backgroundColor>
<lineWidth>1</lineWidth>
<points>
<point x="1082" y="271"/>
<point x="927" y="271"/>
</points>
</Connector>
<Connector class="oracle.dbtools.crest.swingui.logical.TVRelation" oid="ACA4D4A5-B9C7-FAFA-03A4-3CE402E1195D" otype="Relation" vid_source="C9360F28-75DE-F335-21C6-C469C34E414F" vid_target="1DE10CBF-A1A4-D685-0E8B-221670160DBC">
<hideElementsInCurrentOnly>false</hideElementsInCurrentOnly>
<backgroundColor>-16777216</backgroundColor>
<lineWidth>1</lineWidth>
<points>
<point x="1174" y="127"/>
<point x="1174" y="229"/>
</points>
</Connector>
<Connector class="oracle.dbtools.crest.swingui.logical.TVRelation" oid="BB9ECF0C-6928-CE39-8266-8D259CEF4D6B" otype="Relation" vid_source="1DE10CBF-A1A4-D685-0E8B-221670160DBC" vid_target="3F497945-6FEB-C3B3-F80B-E34B58E75722">
<hideElementsInCurrentOnly>false</hideElementsInCurrentOnly>
<backgroundColor>-16777216</backgroundColor>
<lineWidth>1</lineWidth>
<points>
<point x="1082" y="241"/>
<point x="653" y="127"/>
</points>
</Connector>
<Connector class="oracle.dbtools.crest.swingui.logical.TVRelation" oid="CB136704-BCDE-B8D8-EE33-45686DE0D561" otype="Relation" vid_source="DE678D5D-D80E-F2CA-0ACF-BA2D9DDE6863" vid_target="3CDD2918-26B4-4FEC-74FE-1C7E998F8FA6">
<hideElementsInCurrentOnly>false</hideElementsInCurrentOnly>
<backgroundColor>-16777216</backgroundColor>
<lineWidth>1</lineWidth>
<points>
<point x="420" y="308"/>
<point x="267" y="308"/>
</points>
</Connector>
<Connector class="oracle.dbtools.crest.swingui.logical.TVRelation" oid="D66DBDC7-033D-0A4A-4ED1-B98F587E4D07" otype="Relation" vid_source="1A93AB25-7E6E-BFCE-C2F2-50BDC880EE1D" vid_target="DE678D5D-D80E-F2CA-0ACF-BA2D9DDE6863">
<hideElementsInCurrentOnly>false</hideElementsInCurrentOnly>
<backgroundColor>-16777216</backgroundColor>
<lineWidth>1</lineWidth>
<points>
<point x="704" y="264"/>
<point x="664" y="264"/>
</points>
</Connector>
<Connector class="oracle.dbtools.crest.swingui.logical.TVRelation" oid="D864DCD2-1D6D-0A9C-70C1-DE87EC7F836A" otype="Relation" vid_source="DE678D5D-D80E-F2CA-0ACF-BA2D9DDE6863" vid_target="28C2661A-5243-2BB1-D783-1D9A5F9B20B6">
<hideElementsInCurrentOnly>false</hideElementsInCurrentOnly>
<backgroundColor>-16777216</backgroundColor>
<lineWidth>1</lineWidth>
<points>
<point x="664" y="330"/>
<point x="722" y="359"/>
</points>
</Connector>
<Connector class="oracle.dbtools.crest.swingui.logical.TVRelation" oid="E3769FC0-124F-F883-234C-60BAC825FDFF" otype="Relation" vid_source="3F497945-6FEB-C3B3-F80B-E34B58E75722" vid_target="9EC8BFBA-AFD1-39C4-5F1A-426849142273">
<hideElementsInCurrentOnly>false</hideElementsInCurrentOnly>
<backgroundColor>-16777216</backgroundColor>
<lineWidth>1</lineWidth>
<points>
<point x="653" y="106"/>
<point x="795" y="106"/>
</points>
</Connector>
</connectors>
<arcs>
<Arc class="oracle.dbtools.crest.swingui.logical.TVArc" oid="0544B764-A220-C751-80AC-B7045E18C7AA" otype="Arc" vid="3F07F587-17A9-83FB-0EDD-BBD59ED6EB7B">
<hideElementsInCurrentOnly>false</hideElementsInCurrentOnly>
<bounds x="389" y="10" width="284" height="170"/>
</Arc>
</arcs>
</Diagram>
