<?xml version = '1.0' encoding = 'UTF-8'?>
<Entity class="oracle.dbtools.crest.model.design.logical.Entity" directorySegmentName="seg_0" id="1C43D4B7-3EF2-0AE3-3D6C-F1A1086BB80F" name="PERSONA_NATURAL">
<createdBy>cristinalagosgonzalez</createdBy>
<createdTime>2026-02-04 14:17:57 UTC</createdTime>
<ownerDesignName>Retail Solari SA</ownerDesignName>
<engineerTo>
<item key="772AD803-5168-3ED7-844B-4FB296B83E88" value="true"/>
</engineerTo>
<adequatelyNormalized>NO</adequatelyNormalized>
<expectedVolumes>0</expectedVolumes>
<fwdEngineeringStrategyName>Single Table</fwdEngineeringStrategyName>
<growthPercent>0</growthPercent>
<growthType>Year</growthType>
<hierarchicalParent>2879BEFC-941B-4CB5-DBE6-9649E01999E6</hierarchicalParent>
<maxVolumes>9999999</maxVolumes>
<minVolumes>0</minVolumes>
<normalForm>Third</normalForm>
<discriminatorValue>P</discriminatorValue>
<attributes itemClass="oracle.dbtools.crest.model.design.logical.Attribute">
<Attribute name="Primer_Nombre" id="2E4B8AFD-19E9-8D02-E24B-D7BA91774100">
<createdBy>cristinalagosgonzalez</createdBy>
<createdTime>2026-02-04 14:18:09 UTC</createdTime>
<ownerDesignName>Retail Solari SA</ownerDesignName>
<engineerTo>
<item key="772AD803-5168-3ED7-844B-4FB296B83E88" value="true"/>
</engineerTo>
<useDomainConstraints>false</useDomainConstraints>
<use>1</use>
<logicalDatatype>LOGDT024</logicalDatatype>
<dataTypeSize>20</dataTypeSize>
<ownDataTypeParameters>20,,</ownDataTypeParameters>
</Attribute>
<Attribute name="Apellido_Paterno" id="019A4EF4-1D1A-22A9-EA40-89B946F82B7D">
<createdBy>cristinalagosgonzalez</createdBy>
<createdTime>2026-02-04 14:18:40 UTC</createdTime>
<ownerDesignName>Retail Solari SA</ownerDesignName>
<engineerTo>
<item key="772AD803-5168-3ED7-844B-4FB296B83E88" value="true"/>
</engineerTo>
<useDomainConstraints>false</useDomainConstraints>
<use>1</use>
<logicalDatatype>LOGDT024</logicalDatatype>
<dataTypeSize>20</dataTypeSize>
<ownDataTypeParameters>20,,</ownDataTypeParameters>
</Attribute>
<Attribute name="Rut" id="DA968E08-C176-C5BC-6B63-F1D4E1F00BAF">
<createdBy>cristinalagosgonzalez</createdBy>
<createdTime>2026-02-04 14:18:56 UTC</createdTime>
<ownerDesignName>Retail Solari SA</ownerDesignName>
<engineerTo>
<item key="772AD803-5168-3ED7-844B-4FB296B83E88" value="true"/>
</engineerTo>
<useDomainConstraints>false</useDomainConstraints>
<use>1</use>
<logicalDatatype>LOGDT024</logicalDatatype>
<dataTypeSize>9</dataTypeSize>
<ownDataTypeParameters>9,,</ownDataTypeParameters>
</Attribute>
<Attribute name="Digito_Verificador" id="30D32117-C9A9-1961-45C5-721D9B16C838">
<createdBy>cristinalagosgonzalez</createdBy>
<createdTime>2026-02-04 14:19:16 UTC</createdTime>
<ownerDesignName>Retail Solari SA</ownerDesignName>
<engineerTo>
<item key="772AD803-5168-3ED7-844B-4FB296B83E88" value="true"/>
</engineerTo>
<useDomainConstraints>false</useDomainConstraints>
<use>1</use>
<logicalDatatype>LOGDT025</logicalDatatype>
<dataTypeSize>1</dataTypeSize>
<ownDataTypeParameters>1,,</ownDataTypeParameters>
</Attribute>
</attributes>
<identifiers itemClass="oracle.dbtools.crest.model.design.logical.CandidateKey">
<identifier id="A31D1103-3FCE-EABA-9EEE-D27C218F93D5" name="PERSONA_NATURAL PK">
<createdBy>cristinalagosgonzalez</createdBy>
<createdTime>2026-02-04 14:19:11 UTC</createdTime>
<ownerDesignName>Retail Solari SA</ownerDesignName>
<shouldEngineer>false</shouldEngineer>
<engineerTo>
<item key="772AD803-5168-3ED7-844B-4FB296B83E88" value="false"/>
</engineerTo>
<pk>true</pk>
<usedAttributes>
<attributeRef>DA968E08-C176-C5BC-6B63-F1D4E1F00BAF</attributeRef>
</usedAttributes>
</identifier>
</identifiers>
</Entity>
