<?xml version = '1.0' encoding = 'UTF-8'?>
<Entity class="oracle.dbtools.crest.model.design.logical.Entity" directorySegmentName="seg_0" id="1D8F3BCC-A2F2-0332-8A7F-6C6DA4003622" name="BOLETA">
<createdBy>cristinalagosgonzalez</createdBy>
<createdTime>2026-02-04 14:11:00 UTC</createdTime>
<ownerDesignName>Retail Solari SA</ownerDesignName>
<engineerTo>
<item key="772AD803-5168-3ED7-844B-4FB296B83E88" value="true"/>
</engineerTo>
<adequatelyNormalized>NO</adequatelyNormalized>
<expectedVolumes>0</expectedVolumes>
<fwdEngineeringStrategyName>Single Table</fwdEngineeringStrategyName>
<growthPercent>0</growthPercent>
<growthType>Year</growthType>
<maxVolumes>9999999</maxVolumes>
<minVolumes>0</minVolumes>
<normalForm>Third</normalForm>
<attributes itemClass="oracle.dbtools.crest.model.design.logical.Attribute">
<Attribute name="ID_Boleta" id="7D25ACA3-957F-8E4A-961D-B4CD9FA7A57B">
<createdBy>cristinalagosgonzalez</createdBy>
<createdTime>2026-02-04 14:52:21 UTC</createdTime>
<ownerDesignName>Retail Solari SA</ownerDesignName>
<engineerTo>
<item key="772AD803-5168-3ED7-844B-4FB296B83E88" value="true"/>
</engineerTo>
<useDomainConstraints>false</useDomainConstraints>
<use>1</use>
<logicalDatatype>LOGDT024</logicalDatatype>
<dataTypeSize>10</dataTypeSize>
<ownDataTypeParameters>10,,</ownDataTypeParameters>
</Attribute>
<Attribute name="Num_Boleta" id="DE17DD49-297A-EB00-B392-123A101740CA">
<createdBy>cristinalagosgonzalez</createdBy>
<createdTime>2026-02-04 14:54:01 UTC</createdTime>
<ownerDesignName>Retail Solari SA</ownerDesignName>
<engineerTo>
<item key="772AD803-5168-3ED7-844B-4FB296B83E88" value="true"/>
</engineerTo>
<useDomainConstraints>false</useDomainConstraints>
<use>1</use>
<logicalDatatype>LOGDT019</logicalDatatype>
<dataTypePrecision>5</dataTypePrecision>
<ownDataTypeParameters>,5,</ownDataTypeParameters>
</Attribute>
<Attribute name="ID_Cliente" id="4A40DFF6-B52E-350D-BD20-E3EAB4470C80">
<createdBy>cristinalagosgonzalez</createdBy>
<createdTime>2026-02-05 12:53:26 UTC</createdTime>
<generatorID>485CAF66-4EBB-7BF5-FF6A-795A6C1A88A8</generatorID>
<ownerDesignName>Retail Solari SA</ownerDesignName>
<engineerTo>
<item key="772AD803-5168-3ED7-844B-4FB296B83E88" value="true"/>
</engineerTo>
<referedAttribute>E44E0ABC-ECF9-44BF-6658-F7EDF6BB6814</referedAttribute>
<useDomainConstraints>false</useDomainConstraints>
<use>1</use>
<logicalDatatype>LOGDT024</logicalDatatype>
<dataTypeSize>10</dataTypeSize>
<ownDataTypeParameters>10,,</ownDataTypeParameters>
</Attribute>
</attributes>
<identifiers itemClass="oracle.dbtools.crest.model.design.logical.CandidateKey">
<identifier id="19D4E3E7-C146-30C0-011C-2808830A1768" name="BOLETA PK">
<createdBy>cristinalagosgonzalez</createdBy>
<createdTime>2026-02-05 12:54:02 UTC</createdTime>
<ownerDesignName>Retail Solari SA</ownerDesignName>
<shouldEngineer>false</shouldEngineer>
<engineerTo>
<item key="772AD803-5168-3ED7-844B-4FB296B83E88" value="false"/>
</engineerTo>
<pk>true</pk>
<usedAttributes>
<attributeRef>7D25ACA3-957F-8E4A-961D-B4CD9FA7A57B</attributeRef>
</usedAttributes>
</identifier>
</identifiers>
</Entity>
