<?xml version = '1.0' encoding = 'UTF-8'?>
<Entity class="oracle.dbtools.crest.model.design.logical.Entity" directorySegmentName="seg_0" id="2879BEFC-941B-4CB5-DBE6-9649E01999E6" name="PROVEEDOR">
<createdBy>cristinalagosgonzalez</createdBy>
<createdTime>2026-02-04 13:42:40 UTC</createdTime>
<ownerDesignName>Retail Solari SA</ownerDesignName>
<engineerTo>
<item key="772AD803-5168-3ED7-844B-4FB296B83E88" value="true"/>
</engineerTo>
<adequatelyNormalized>NO</adequatelyNormalized>
<expectedVolumes>0</expectedVolumes>
<fwdEngineeringStrategyName>Single Table</fwdEngineeringStrategyName>
<growthPercent>0</growthPercent>
<growthType>Year</growthType>
<maxVolumes>9999999</maxVolumes>
<minVolumes>0</minVolumes>
<normalForm>Third</normalForm>
<discriminatorAttributeID>6C622DDA-0187-2205-F91A-1623F30483D6</discriminatorAttributeID>
<discriminatorColumnName>Tipo_Proveedor</discriminatorColumnName>
<completeSubtypes>true</completeSubtypes>
<attributes itemClass="oracle.dbtools.crest.model.design.logical.Attribute">
<Attribute name="Calle_Direccion" id="94485004-DC92-6112-5786-ABFC2D360ABE">
<createdBy>cristinalagosgonzalez</createdBy>
<createdTime>2026-02-04 13:45:56 UTC</createdTime>
<ownerDesignName>Retail Solari SA</ownerDesignName>
<engineerTo>
<item key="772AD803-5168-3ED7-844B-4FB296B83E88" value="true"/>
</engineerTo>
<useDomainConstraints>false</useDomainConstraints>
<use>1</use>
<logicalDatatype>LOGDT024</logicalDatatype>
<dataTypeSize>50</dataTypeSize>
<ownDataTypeParameters>50,,</ownDataTypeParameters>
</Attribute>
<Attribute name="Codigo_Postal" id="FA30B4D8-D892-5996-C6F3-DA603EE28657">
<createdBy>cristinalagosgonzalez</createdBy>
<createdTime>2026-02-04 13:46:28 UTC</createdTime>
<ownerDesignName>Retail Solari SA</ownerDesignName>
<engineerTo>
<item key="772AD803-5168-3ED7-844B-4FB296B83E88" value="true"/>
</engineerTo>
<useDomainConstraints>false</useDomainConstraints>
<use>1</use>
<logicalDatatype>LOGDT024</logicalDatatype>
<dataTypeSize>10</dataTypeSize>
<ownDataTypeParameters>10,,</ownDataTypeParameters>
</Attribute>
<Attribute name="Tipo_Proveedor" id="6C622DDA-0187-2205-F91A-1623F30483D6">
<createdBy>cristinalagosgonzalez</createdBy>
<createdTime>2026-02-05 01:58:18 UTC</createdTime>
<ownerDesignName>Retail Solari SA</ownerDesignName>
<engineerTo>
<item key="772AD803-5168-3ED7-844B-4FB296B83E88" value="true"/>
</engineerTo>
<useDomainConstraints>false</useDomainConstraints>
<use>1</use>
<logicalDatatype>LOGDT024</logicalDatatype>
<dataTypeSize>20</dataTypeSize>
<ownDataTypeParameters>20,,</ownDataTypeParameters>
</Attribute>
<Attribute name="ID_Comuna" id="46EF146C-7EF4-EA3C-35A4-869B449A90A3">
<createdBy>cristinalagosgonzalez</createdBy>
<createdTime>2026-02-05 13:24:40 UTC</createdTime>
<generatorID>BB9ECF0C-6928-CE39-8266-8D259CEF4D6B</generatorID>
<ownerDesignName>Retail Solari SA</ownerDesignName>
<engineerTo>
<item key="772AD803-5168-3ED7-844B-4FB296B83E88" value="true"/>
</engineerTo>
<referedAttribute>7F6F3922-39A1-1073-3DDE-A8BECB5309DC</referedAttribute>
<useDomainConstraints>false</useDomainConstraints>
<use>1</use>
<logicalDatatype>LOGDT024</logicalDatatype>
<dataTypeSize>5</dataTypeSize>
<ownDataTypeParameters>5,,</ownDataTypeParameters>
</Attribute>
<Attribute name="ID_Region" id="29AE7EE7-F682-E864-4D77-420AE67ACF7F">
<createdBy>cristinalagosgonzalez</createdBy>
<createdTime>2026-02-05 13:24:40 UTC</createdTime>
<generatorID>BB9ECF0C-6928-CE39-8266-8D259CEF4D6B</generatorID>
<ownerDesignName>Retail Solari SA</ownerDesignName>
<engineerTo>
<item key="772AD803-5168-3ED7-844B-4FB296B83E88" value="true"/>
</engineerTo>
<referedAttribute>881C641A-66F8-7F43-47C0-5BC7E0AC070F</referedAttribute>
<useDomainConstraints>false</useDomainConstraints>
<use>1</use>
<logicalDatatype>LOGDT024</logicalDatatype>
<dataTypeSize>10</dataTypeSize>
<ownDataTypeParameters>10,,</ownDataTypeParameters>
</Attribute>
</attributes>
</Entity>
