<?xml version = '1.0' encoding = 'UTF-8'?>
<Entity class="oracle.dbtools.crest.model.design.logical.Entity" directorySegmentName="seg_0" id="3DB7A0FF-22C6-155E-E9EA-9B73349725C9" name="BODEGA">
<createdBy>cristinalagosgonzalez</createdBy>
<createdTime>2026-02-04 14:46:37 UTC</createdTime>
<ownerDesignName>Retail Solari SA</ownerDesignName>
<engineerTo>
<item key="772AD803-5168-3ED7-844B-4FB296B83E88" value="true"/>
</engineerTo>
<adequatelyNormalized>NO</adequatelyNormalized>
<expectedVolumes>0</expectedVolumes>
<fwdEngineeringStrategyName>Single Table</fwdEngineeringStrategyName>
<growthPercent>0</growthPercent>
<growthType>Year</growthType>
<maxVolumes>9999999</maxVolumes>
<minVolumes>0</minVolumes>
<normalForm>Third</normalForm>
<attributes itemClass="oracle.dbtools.crest.model.design.logical.Attribute">
<Attribute name="Cantidad_Producto" id="D7EB335C-FD99-C64E-084B-C6B79BFD98BF">
<createdBy>cristinalagosgonzalez</createdBy>
<createdTime>2026-02-04 14:48:46 UTC</createdTime>
<ownerDesignName>Retail Solari SA</ownerDesignName>
<engineerTo>
<item key="772AD803-5168-3ED7-844B-4FB296B83E88" value="true"/>
</engineerTo>
<useDomainConstraints>false</useDomainConstraints>
<use>1</use>
<logicalDatatype>LOGDT019</logicalDatatype>
<dataTypePrecision>1000</dataTypePrecision>
<ownDataTypeParameters>,1000,</ownDataTypeParameters>
</Attribute>
<Attribute name="Nombre_Producto" id="96306660-CDC9-F6FB-D279-2D36266F4989">
<createdBy>cristinalagosgonzalez</createdBy>
<createdTime>2026-02-05 14:00:55 UTC</createdTime>
<ownerDesignName>Retail Solari SA</ownerDesignName>
<engineerTo>
<item key="772AD803-5168-3ED7-844B-4FB296B83E88" value="true"/>
</engineerTo>
<useDomainConstraints>false</useDomainConstraints>
<use>1</use>
<logicalDatatype>LOGDT024</logicalDatatype>
<dataTypeSize>50</dataTypeSize>
<ownDataTypeParameters>50,,</ownDataTypeParameters>
</Attribute>
<Attribute name="ID_Producto" id="AB4C5762-650C-A4DF-83AE-9A96BBA1A93E">
<createdBy>cristinalagosgonzalez</createdBy>
<createdTime>2026-02-05 14:03:43 UTC</createdTime>
<generatorID>CB136704-BCDE-B8D8-EE33-45686DE0D561</generatorID>
<ownerDesignName>Retail Solari SA</ownerDesignName>
<engineerTo>
<item key="772AD803-5168-3ED7-844B-4FB296B83E88" value="true"/>
</engineerTo>
<referedAttribute>430F8C14-E367-124A-6B2F-0DABDF411A5F</referedAttribute>
<useDomainConstraints>false</useDomainConstraints>
<use>1</use>
<logicalDatatype>LOGDT024</logicalDatatype>
<dataTypeSize>5</dataTypeSize>
<ownDataTypeParameters>5,,</ownDataTypeParameters>
</Attribute>
<Attribute name="ID_Sucursal" id="27A42B58-E5AE-27AE-2CAF-A249A259663B">
<createdBy>cristinalagosgonzalez</createdBy>
<createdTime>2026-02-05 14:03:43 UTC</createdTime>
<generatorID>CB136704-BCDE-B8D8-EE33-45686DE0D561</generatorID>
<ownerDesignName>Retail Solari SA</ownerDesignName>
<engineerTo>
<item key="772AD803-5168-3ED7-844B-4FB296B83E88" value="true"/>
</engineerTo>
<referedAttribute>6B560979-5804-3AD0-D709-8C6C1C3654A5</referedAttribute>
<useDomainConstraints>false</useDomainConstraints>
<use>1</use>
<logicalDatatype>LOGDT024</logicalDatatype>
<dataTypeSize>5</dataTypeSize>
<ownDataTypeParameters>5,,</ownDataTypeParameters>
</Attribute>
</attributes>
</Entity>
