<?xml version = '1.0' encoding = 'UTF-8'?>
<Entity class="oracle.dbtools.crest.model.design.logical.Entity" directorySegmentName="seg_0" id="527CD9C6-8D8A-DE8F-5CE5-5F1C8A95F1B6" name="DETALLE_BOLETA">
<createdBy>cristinalagosgonzalez</createdBy>
<createdTime>2026-02-04 14:07:33 UTC</createdTime>
<ownerDesignName>Retail Solari SA</ownerDesignName>
<engineerTo>
<item key="772AD803-5168-3ED7-844B-4FB296B83E88" value="true"/>
</engineerTo>
<adequatelyNormalized>NO</adequatelyNormalized>
<expectedVolumes>0</expectedVolumes>
<fwdEngineeringStrategyName>Single Table</fwdEngineeringStrategyName>
<growthPercent>0</growthPercent>
<growthType>Year</growthType>
<maxVolumes>9999999</maxVolumes>
<minVolumes>0</minVolumes>
<normalForm>Third</normalForm>
<attributes itemClass="oracle.dbtools.crest.model.design.logical.Attribute">
<Attribute name="ID_Sucursal" id="177CF6B9-B7AD-1015-01A0-950E4B42D735">
<createdBy>cristinalagosgonzalez</createdBy>
<createdTime>2026-02-04 14:55:00 UTC</createdTime>
<ownerDesignName>Retail Solari SA</ownerDesignName>
<engineerTo>
<item key="772AD803-5168-3ED7-844B-4FB296B83E88" value="true"/>
</engineerTo>
<useDomainConstraints>false</useDomainConstraints>
<use>1</use>
<logicalDatatype>LOGDT024</logicalDatatype>
<dataTypeSize>5</dataTypeSize>
<ownDataTypeParameters>5,,</ownDataTypeParameters>
</Attribute>
<Attribute name="Fecha_Emision" id="F2C4AB47-A0B1-EAC7-4501-A0A9343EACC0">
<createdBy>cristinalagosgonzalez</createdBy>
<createdTime>2026-02-04 14:07:40 UTC</createdTime>
<ownerDesignName>Retail Solari SA</ownerDesignName>
<engineerTo>
<item key="772AD803-5168-3ED7-844B-4FB296B83E88" value="true"/>
</engineerTo>
<useDomainConstraints>false</useDomainConstraints>
<use>1</use>
<logicalDatatype>LOGDT007</logicalDatatype>
<ownDataTypeParameters>,,</ownDataTypeParameters>
</Attribute>
<Attribute name="Cantidad_Productos" id="E49CCE74-9A91-F1E2-E02F-4EC625B125DE">
<createdBy>cristinalagosgonzalez</createdBy>
<createdTime>2026-02-04 14:08:35 UTC</createdTime>
<ownerDesignName>Retail Solari SA</ownerDesignName>
<engineerTo>
<item key="772AD803-5168-3ED7-844B-4FB296B83E88" value="true"/>
</engineerTo>
<useDomainConstraints>false</useDomainConstraints>
<use>1</use>
<logicalDatatype>LOGDT019</logicalDatatype>
<dataTypePrecision>1000</dataTypePrecision>
<ownDataTypeParameters>,1000,</ownDataTypeParameters>
</Attribute>
<Attribute name="Nombre_Producto" id="F45C9450-35F8-915E-5B90-3A50FC3E2CA7">
<createdBy>cristinalagosgonzalez</createdBy>
<createdTime>2026-02-04 14:09:00 UTC</createdTime>
<ownerDesignName>Retail Solari SA</ownerDesignName>
<engineerTo>
<item key="772AD803-5168-3ED7-844B-4FB296B83E88" value="true"/>
</engineerTo>
<useDomainConstraints>false</useDomainConstraints>
<use>1</use>
<logicalDatatype>LOGDT024</logicalDatatype>
<dataTypeSize>20</dataTypeSize>
<ownDataTypeParameters>20,,</ownDataTypeParameters>
</Attribute>
<Attribute name="Valor_Unitario" id="EDA782FD-848F-7BF5-D432-730FB2B599BF">
<createdBy>cristinalagosgonzalez</createdBy>
<createdTime>2026-02-04 14:09:30 UTC</createdTime>
<ownerDesignName>Retail Solari SA</ownerDesignName>
<engineerTo>
<item key="772AD803-5168-3ED7-844B-4FB296B83E88" value="true"/>
</engineerTo>
<useDomainConstraints>false</useDomainConstraints>
<use>1</use>
<logicalDatatype>LOGDT043</logicalDatatype>
<ownDataTypeParameters>,,</ownDataTypeParameters>
</Attribute>
<Attribute name="ID_Boleta" id="407200E2-08B7-3C1B-D7CC-97034E7B1E7E">
<createdBy>cristinalagosgonzalez</createdBy>
<createdTime>2026-02-06 04:10:23 UTC</createdTime>
<generatorID>3D13338F-204F-9C36-F008-A33212A87053</generatorID>
<ownerDesignName>Retail Solari SA</ownerDesignName>
<engineerTo>
<item key="772AD803-5168-3ED7-844B-4FB296B83E88" value="true"/>
</engineerTo>
<referedAttribute>7D25ACA3-957F-8E4A-961D-B4CD9FA7A57B</referedAttribute>
<useDomainConstraints>false</useDomainConstraints>
<use>1</use>
<logicalDatatype>LOGDT024</logicalDatatype>
<dataTypeSize>10</dataTypeSize>
<ownDataTypeParameters>,,</ownDataTypeParameters>
</Attribute>
</attributes>
<identifiers itemClass="oracle.dbtools.crest.model.design.logical.CandidateKey">
<identifier id="1C0D350C-AD3C-6AEA-E5FA-CD14C4D639D4" name="DETALLE_BOLETA PK">
<createdBy>cristinalagosgonzalez</createdBy>
<createdTime>2026-02-04 14:55:06 UTC</createdTime>
<ownerDesignName>Retail Solari SA</ownerDesignName>
<shouldEngineer>false</shouldEngineer>
<engineerTo>
<item key="772AD803-5168-3ED7-844B-4FB296B83E88" value="false"/>
</engineerTo>
<pk>true</pk>
<usedAttributes>
<attributeRef>177CF6B9-B7AD-1015-01A0-950E4B42D735</attributeRef>
<attributeRef>407200E2-08B7-3C1B-D7CC-97034E7B1E7E</attributeRef>
</usedAttributes>
</identifier>
</identifiers>
</Entity>
