<?xml version = '1.0' encoding = 'UTF-8'?>
<Entity class="oracle.dbtools.crest.model.design.logical.Entity" directorySegmentName="seg_0" id="61E225EE-1100-53DD-68D3-E4EB00A7AC9F" name="CLIENTE">
<createdBy>cristinalagosgonzalez</createdBy>
<createdTime>2026-02-04 13:43:07 UTC</createdTime>
<ownerDesignName>Retail Solari SA</ownerDesignName>
<engineerTo>
<item key="772AD803-5168-3ED7-844B-4FB296B83E88" value="true"/>
</engineerTo>
<adequatelyNormalized>NO</adequatelyNormalized>
<expectedVolumes>0</expectedVolumes>
<fwdEngineeringStrategyName>Single Table</fwdEngineeringStrategyName>
<growthPercent>0</growthPercent>
<growthType>Year</growthType>
<maxVolumes>9999999</maxVolumes>
<minVolumes>0</minVolumes>
<normalForm>Third</normalForm>
<attributes itemClass="oracle.dbtools.crest.model.design.logical.Attribute">
<Attribute name="ID_Cliente" id="E44E0ABC-ECF9-44BF-6658-F7EDF6BB6814">
<createdBy>cristinalagosgonzalez</createdBy>
<createdTime>2026-02-04 14:05:34 UTC</createdTime>
<ownerDesignName>Retail Solari SA</ownerDesignName>
<engineerTo>
<item key="772AD803-5168-3ED7-844B-4FB296B83E88" value="true"/>
</engineerTo>
<useDomainConstraints>false</useDomainConstraints>
<use>1</use>
<logicalDatatype>LOGDT024</logicalDatatype>
<dataTypeSize>10</dataTypeSize>
<ownDataTypeParameters>10,,</ownDataTypeParameters>
</Attribute>
<Attribute name="Primer_Nombre" id="4B10F5DE-6EA6-B10E-9478-742A830AC878">
<createdBy>cristinalagosgonzalez</createdBy>
<createdTime>2026-02-04 14:05:47 UTC</createdTime>
<ownerDesignName>Retail Solari SA</ownerDesignName>
<engineerTo>
<item key="772AD803-5168-3ED7-844B-4FB296B83E88" value="true"/>
</engineerTo>
<useDomainConstraints>false</useDomainConstraints>
<use>1</use>
<logicalDatatype>LOGDT024</logicalDatatype>
<dataTypeSize>15</dataTypeSize>
<ownDataTypeParameters>15,,</ownDataTypeParameters>
</Attribute>
<Attribute name="Apellido_Paterno" id="2F0115B6-48D1-CBAE-5B12-1127B52AE8F6">
<createdBy>cristinalagosgonzalez</createdBy>
<createdTime>2026-02-04 14:06:16 UTC</createdTime>
<ownerDesignName>Retail Solari SA</ownerDesignName>
<engineerTo>
<item key="772AD803-5168-3ED7-844B-4FB296B83E88" value="true"/>
</engineerTo>
<useDomainConstraints>false</useDomainConstraints>
<use>1</use>
<logicalDatatype>LOGDT024</logicalDatatype>
<dataTypeSize>15</dataTypeSize>
<ownDataTypeParameters>15,,</ownDataTypeParameters>
</Attribute>
<Attribute name="ID_Comuna" id="2F99F40B-D22A-B76B-643A-5AD5FC6E0172">
<createdBy>cristinalagosgonzalez</createdBy>
<createdTime>2026-02-05 13:38:21 UTC</createdTime>
<generatorID>508FFFEE-E11E-C583-9B2A-F7E8E79DB5CB</generatorID>
<ownerDesignName>Retail Solari SA</ownerDesignName>
<engineerTo>
<item key="772AD803-5168-3ED7-844B-4FB296B83E88" value="true"/>
</engineerTo>
<referedAttribute>7F6F3922-39A1-1073-3DDE-A8BECB5309DC</referedAttribute>
<useDomainConstraints>false</useDomainConstraints>
<use>1</use>
<logicalDatatype>LOGDT024</logicalDatatype>
<dataTypeSize>5</dataTypeSize>
<ownDataTypeParameters>,,</ownDataTypeParameters>
</Attribute>
<Attribute name="ID_Region" id="DB96ECC1-7189-5D0E-3544-34931F9C641C">
<createdBy>cristinalagosgonzalez</createdBy>
<createdTime>2026-02-05 13:38:21 UTC</createdTime>
<generatorID>508FFFEE-E11E-C583-9B2A-F7E8E79DB5CB</generatorID>
<ownerDesignName>Retail Solari SA</ownerDesignName>
<engineerTo>
<item key="772AD803-5168-3ED7-844B-4FB296B83E88" value="true"/>
</engineerTo>
<referedAttribute>881C641A-66F8-7F43-47C0-5BC7E0AC070F</referedAttribute>
<useDomainConstraints>false</useDomainConstraints>
<use>1</use>
<logicalDatatype>LOGDT024</logicalDatatype>
<dataTypeSize>10</dataTypeSize>
<ownDataTypeParameters>10,,</ownDataTypeParameters>
</Attribute>
</attributes>
<identifiers itemClass="oracle.dbtools.crest.model.design.logical.CandidateKey">
<identifier id="D0F8FB8B-7D42-EB6A-8CFE-D0A110866F76" name="CLIENTE PK">
<createdBy>cristinalagosgonzalez</createdBy>
<createdTime>2026-02-05 12:53:25 UTC</createdTime>
<ownerDesignName>Retail Solari SA</ownerDesignName>
<shouldEngineer>false</shouldEngineer>
<engineerTo>
<item key="772AD803-5168-3ED7-844B-4FB296B83E88" value="false"/>
</engineerTo>
<pk>true</pk>
<usedAttributes>
<attributeRef>E44E0ABC-ECF9-44BF-6658-F7EDF6BB6814</attributeRef>
</usedAttributes>
</identifier>
</identifiers>
</Entity>
