<?xml version = '1.0' encoding = 'UTF-8'?>
<Entity class="oracle.dbtools.crest.model.design.logical.Entity" directorySegmentName="seg_0" id="6C6CD6C3-14E0-225D-ADC5-F267BB394F08" name="MARCA">
<createdBy>cristinalagosgonzalez</createdBy>
<createdTime>2026-02-05 03:35:41 UTC</createdTime>
<ownerDesignName>Retail Solari SA</ownerDesignName>
<engineerTo>
<item key="772AD803-5168-3ED7-844B-4FB296B83E88" value="true"/>
</engineerTo>
<adequatelyNormalized>NO</adequatelyNormalized>
<expectedVolumes>0</expectedVolumes>
<fwdEngineeringStrategyName>Single Table</fwdEngineeringStrategyName>
<growthPercent>0</growthPercent>
<growthType>Year</growthType>
<maxVolumes>9999999</maxVolumes>
<minVolumes>0</minVolumes>
<normalForm>Third</normalForm>
<attributes itemClass="oracle.dbtools.crest.model.design.logical.Attribute">
<Attribute name="ID_Marca" id="C69FB7DD-0DBE-8789-7DC0-BEA5C6CB0588">
<createdBy>cristinalagosgonzalez</createdBy>
<createdTime>2026-02-05 03:35:50 UTC</createdTime>
<ownerDesignName>Retail Solari SA</ownerDesignName>
<engineerTo>
<item key="772AD803-5168-3ED7-844B-4FB296B83E88" value="true"/>
</engineerTo>
<useDomainConstraints>false</useDomainConstraints>
<use>1</use>
<logicalDatatype>LOGDT024</logicalDatatype>
<dataTypeSize>5</dataTypeSize>
<ownDataTypeParameters>5,,</ownDataTypeParameters>
</Attribute>
<Attribute name="Nombre_Marca" id="DFBF32DD-5F45-0227-155A-1FC108811548">
<createdBy>cristinalagosgonzalez</createdBy>
<createdTime>2026-02-05 03:39:16 UTC</createdTime>
<ownerDesignName>Retail Solari SA</ownerDesignName>
<engineerTo>
<item key="772AD803-5168-3ED7-844B-4FB296B83E88" value="true"/>
</engineerTo>
<useDomainConstraints>false</useDomainConstraints>
<use>1</use>
<logicalDatatype>LOGDT024</logicalDatatype>
<dataTypeSize>20</dataTypeSize>
<ownDataTypeParameters>20,,</ownDataTypeParameters>
</Attribute>
</attributes>
<identifiers itemClass="oracle.dbtools.crest.model.design.logical.CandidateKey">
<identifier id="42A00437-780E-0E58-DDC0-7FA467B41F3F" name="MARCA PK">
<createdBy>cristinalagosgonzalez</createdBy>
<createdTime>2026-02-05 12:58:15 UTC</createdTime>
<ownerDesignName>Retail Solari SA</ownerDesignName>
<engineerTo>
<item key="772AD803-5168-3ED7-844B-4FB296B83E88" value="true"/>
</engineerTo>
<pk>true</pk>
<usedAttributes>
<attributeRef>C69FB7DD-0DBE-8789-7DC0-BEA5C6CB0588</attributeRef>
</usedAttributes>
</identifier>
</identifiers>
</Entity>
