<?xml version = '1.0' encoding = 'UTF-8'?>
<Entity class="oracle.dbtools.crest.model.design.logical.Entity" directorySegmentName="seg_0" id="7E6E03F3-5654-F848-EF45-BB9EA744B13B" name="PRODUCTO">
<createdBy>cristinalagosgonzalez</createdBy>
<createdTime>2026-02-04 13:42:51 UTC</createdTime>
<ownerDesignName>Retail Solari SA</ownerDesignName>
<engineerTo>
<item key="772AD803-5168-3ED7-844B-4FB296B83E88" value="true"/>
</engineerTo>
<adequatelyNormalized>NO</adequatelyNormalized>
<expectedVolumes>0</expectedVolumes>
<fwdEngineeringStrategyName>Single Table</fwdEngineeringStrategyName>
<growthPercent>0</growthPercent>
<growthType>Year</growthType>
<maxVolumes>9999999</maxVolumes>
<minVolumes>0</minVolumes>
<normalForm>Third</normalForm>
<attributes itemClass="oracle.dbtools.crest.model.design.logical.Attribute">
<Attribute name="ID_Producto" id="430F8C14-E367-124A-6B2F-0DABDF411A5F">
<createdBy>cristinalagosgonzalez</createdBy>
<createdTime>2026-02-04 13:58:28 UTC</createdTime>
<ownerDesignName>Retail Solari SA</ownerDesignName>
<engineerTo>
<item key="772AD803-5168-3ED7-844B-4FB296B83E88" value="true"/>
</engineerTo>
<useDomainConstraints>false</useDomainConstraints>
<use>1</use>
<logicalDatatype>LOGDT024</logicalDatatype>
<dataTypeSize>5</dataTypeSize>
<ownDataTypeParameters>5,,</ownDataTypeParameters>
</Attribute>
<Attribute name="Nombre_Producto" id="DE91168A-D7F0-6BC9-8175-C84399079757">
<createdBy>cristinalagosgonzalez</createdBy>
<createdTime>2026-02-04 13:58:45 UTC</createdTime>
<ownerDesignName>Retail Solari SA</ownerDesignName>
<engineerTo>
<item key="772AD803-5168-3ED7-844B-4FB296B83E88" value="true"/>
</engineerTo>
<useDomainConstraints>false</useDomainConstraints>
<use>1</use>
<logicalDatatype>LOGDT024</logicalDatatype>
<dataTypeSize>20</dataTypeSize>
<ownDataTypeParameters>20,,</ownDataTypeParameters>
</Attribute>
<Attribute name="Categoria_Producto" id="D13C215C-6D4A-5CE5-3113-7A34822E26E9">
<createdBy>cristinalagosgonzalez</createdBy>
<createdTime>2026-02-04 14:02:31 UTC</createdTime>
<ownerDesignName>Retail Solari SA</ownerDesignName>
<engineerTo>
<item key="772AD803-5168-3ED7-844B-4FB296B83E88" value="true"/>
</engineerTo>
<useDomainConstraints>false</useDomainConstraints>
<use>1</use>
<logicalDatatype>LOGDT024</logicalDatatype>
<dataTypeSize>20</dataTypeSize>
<ownDataTypeParameters>20,,</ownDataTypeParameters>
</Attribute>
<Attribute name="Descripcion_Producto" id="89A728C5-9599-C872-3B9F-DFD75EDF7A26">
<createdBy>cristinalagosgonzalez</createdBy>
<createdTime>2026-02-04 13:59:10 UTC</createdTime>
<ownerDesignName>Retail Solari SA</ownerDesignName>
<engineerTo>
<item key="772AD803-5168-3ED7-844B-4FB296B83E88" value="true"/>
</engineerTo>
<nullsAllowed>true</nullsAllowed>
<useDomainConstraints>false</useDomainConstraints>
<use>1</use>
<logicalDatatype>LOGDT024</logicalDatatype>
<dataTypeSize>50</dataTypeSize>
<ownDataTypeParameters>50,,</ownDataTypeParameters>
</Attribute>
<Attribute name="Marca_Producto" id="0E37AFB9-EDD8-1AFF-8568-3944CB360AEC">
<createdBy>cristinalagosgonzalez</createdBy>
<createdTime>2026-02-04 13:59:31 UTC</createdTime>
<ownerDesignName>Retail Solari SA</ownerDesignName>
<engineerTo>
<item key="772AD803-5168-3ED7-844B-4FB296B83E88" value="true"/>
</engineerTo>
<useDomainConstraints>false</useDomainConstraints>
<use>1</use>
<logicalDatatype>LOGDT024</logicalDatatype>
<dataTypeSize>20</dataTypeSize>
<ownDataTypeParameters>20,,</ownDataTypeParameters>
</Attribute>
<Attribute name="Valor_Producto" id="AA7ED5C9-7029-573F-CE7E-8BB1A41479E0">
<createdBy>cristinalagosgonzalez</createdBy>
<createdTime>2026-02-04 14:02:10 UTC</createdTime>
<ownerDesignName>Retail Solari SA</ownerDesignName>
<engineerTo>
<item key="772AD803-5168-3ED7-844B-4FB296B83E88" value="true"/>
</engineerTo>
<useDomainConstraints>false</useDomainConstraints>
<use>1</use>
<logicalDatatype>LOGDT043</logicalDatatype>
<ownDataTypeParameters>,,</ownDataTypeParameters>
</Attribute>
<Attribute name="Fecha_Vencimiento" id="6E82F722-41DB-1E12-9FCF-30889B37D565">
<createdBy>cristinalagosgonzalez</createdBy>
<createdTime>2026-02-04 14:57:00 UTC</createdTime>
<ownerDesignName>Retail Solari SA</ownerDesignName>
<engineerTo>
<item key="772AD803-5168-3ED7-844B-4FB296B83E88" value="true"/>
</engineerTo>
<useDomainConstraints>false</useDomainConstraints>
<use>1</use>
<logicalDatatype>LOGDT007</logicalDatatype>
<ownDataTypeParameters>,,</ownDataTypeParameters>
</Attribute>
<Attribute name="ID_Cliente" id="E6FF82B1-E363-7232-032D-49ED0369140C">
<createdBy>cristinalagosgonzalez</createdBy>
<createdTime>2026-02-05 12:53:26 UTC</createdTime>
<generatorID>4D915C54-C3CB-446E-91BD-F50EFDB8F43F</generatorID>
<ownerDesignName>Retail Solari SA</ownerDesignName>
<engineerTo>
<item key="772AD803-5168-3ED7-844B-4FB296B83E88" value="true"/>
</engineerTo>
<referedAttribute>E44E0ABC-ECF9-44BF-6658-F7EDF6BB6814</referedAttribute>
<useDomainConstraints>false</useDomainConstraints>
<use>1</use>
<logicalDatatype>LOGDT024</logicalDatatype>
<dataTypeSize>10</dataTypeSize>
<ownDataTypeParameters>10,,</ownDataTypeParameters>
</Attribute>
<Attribute name="ID_Sucursal" id="6B560979-5804-3AD0-D709-8C6C1C3654A5">
<createdBy>cristinalagosgonzalez</createdBy>
<createdTime>2026-02-05 13:21:42 UTC</createdTime>
<generatorID>D66DBDC7-033D-0A4A-4ED1-B98F587E4D07</generatorID>
<ownerDesignName>Retail Solari SA</ownerDesignName>
<engineerTo>
<item key="772AD803-5168-3ED7-844B-4FB296B83E88" value="true"/>
</engineerTo>
<referedAttribute>B4DDE22F-2473-7631-8DE8-98394FA39F63</referedAttribute>
<useDomainConstraints>false</useDomainConstraints>
<use>1</use>
<logicalDatatype>LOGDT024</logicalDatatype>
<dataTypeSize>5</dataTypeSize>
<ownDataTypeParameters>5,,</ownDataTypeParameters>
</Attribute>
</attributes>
<identifiers itemClass="oracle.dbtools.crest.model.design.logical.CandidateKey">
<identifier id="D17F9D93-F24E-ED0A-F991-117F1A1BF700" name="PRODUCTO PK">
<createdBy>cristinalagosgonzalez</createdBy>
<createdTime>2026-02-05 12:53:16 UTC</createdTime>
<ownerDesignName>Retail Solari SA</ownerDesignName>
<shouldEngineer>false</shouldEngineer>
<engineerTo>
<item key="772AD803-5168-3ED7-844B-4FB296B83E88" value="false"/>
</engineerTo>
<pk>true</pk>
<usedAttributes>
<attributeRef>430F8C14-E367-124A-6B2F-0DABDF411A5F</attributeRef>
<attributeRef>6B560979-5804-3AD0-D709-8C6C1C3654A5</attributeRef>
</usedAttributes>
</identifier>
</identifiers>
</Entity>
