<?xml version = '1.0' encoding = 'UTF-8'?>
<Entity class="oracle.dbtools.crest.model.design.logical.Entity" directorySegmentName="seg_0" id="B685D442-E809-846E-B08E-99B55286C7DF" name="MODELO">
<createdBy>cristinalagosgonzalez</createdBy>
<createdTime>2026-02-04 14:01:11 UTC</createdTime>
<ownerDesignName>Retail Solari SA</ownerDesignName>
<engineerTo>
<item key="772AD803-5168-3ED7-844B-4FB296B83E88" value="true"/>
</engineerTo>
<adequatelyNormalized>NO</adequatelyNormalized>
<expectedVolumes>0</expectedVolumes>
<fwdEngineeringStrategyName>Single Table</fwdEngineeringStrategyName>
<growthPercent>0</growthPercent>
<growthType>Year</growthType>
<maxVolumes>9999999</maxVolumes>
<minVolumes>0</minVolumes>
<normalForm>Third</normalForm>
<attributes itemClass="oracle.dbtools.crest.model.design.logical.Attribute">
<Attribute name="ID_Modelo" id="ED1BC6AC-3FDA-0BE0-D3C9-41D8827B6D00">
<createdBy>cristinalagosgonzalez</createdBy>
<createdTime>2026-02-04 14:01:21 UTC</createdTime>
<ownerDesignName>Retail Solari SA</ownerDesignName>
<engineerTo>
<item key="772AD803-5168-3ED7-844B-4FB296B83E88" value="true"/>
</engineerTo>
<useDomainConstraints>false</useDomainConstraints>
<use>1</use>
<logicalDatatype>LOGDT024</logicalDatatype>
<dataTypeSize>10</dataTypeSize>
<ownDataTypeParameters>10,,</ownDataTypeParameters>
</Attribute>
<Attribute name="Nombre_Modelo" id="B264EF42-97B5-98AB-B332-CDC1668C693E">
<createdBy>cristinalagosgonzalez</createdBy>
<createdTime>2026-02-05 01:49:23 UTC</createdTime>
<ownerDesignName>Retail Solari SA</ownerDesignName>
<engineerTo>
<item key="772AD803-5168-3ED7-844B-4FB296B83E88" value="true"/>
</engineerTo>
<useDomainConstraints>false</useDomainConstraints>
<use>1</use>
<logicalDatatype>LOGDT024</logicalDatatype>
<dataTypeSize>20</dataTypeSize>
<ownDataTypeParameters>20,,</ownDataTypeParameters>
</Attribute>
<Attribute name="Descripcion_Modelo" id="F433B0DF-F95E-84D6-2691-0A27107ADE37">
<createdBy>cristinalagosgonzalez</createdBy>
<createdTime>2026-02-04 14:02:54 UTC</createdTime>
<ownerDesignName>Retail Solari SA</ownerDesignName>
<engineerTo>
<item key="772AD803-5168-3ED7-844B-4FB296B83E88" value="true"/>
</engineerTo>
<nullsAllowed>true</nullsAllowed>
<useDomainConstraints>false</useDomainConstraints>
<use>1</use>
<logicalDatatype>LOGDT024</logicalDatatype>
<dataTypeSize>50</dataTypeSize>
<ownDataTypeParameters>50,,</ownDataTypeParameters>
</Attribute>
<Attribute name="ID_Producto" id="7D4E17E0-D544-9210-B2BF-5951F8586256">
<createdBy>cristinalagosgonzalez</createdBy>
<createdTime>2026-02-05 12:53:20 UTC</createdTime>
<generatorID>D864DCD2-1D6D-0A9C-70C1-DE87EC7F836A</generatorID>
<ownerDesignName>Retail Solari SA</ownerDesignName>
<engineerTo>
<item key="772AD803-5168-3ED7-844B-4FB296B83E88" value="true"/>
</engineerTo>
<referedAttribute>430F8C14-E367-124A-6B2F-0DABDF411A5F</referedAttribute>
<useDomainConstraints>false</useDomainConstraints>
<use>1</use>
<logicalDatatype>LOGDT024</logicalDatatype>
<dataTypeSize>10</dataTypeSize>
<ownDataTypeParameters>10,,</ownDataTypeParameters>
</Attribute>
<Attribute name="ID_Marca" id="B21F382E-1821-3FE5-764B-F2176538B184">
<createdBy>cristinalagosgonzalez</createdBy>
<createdTime>2026-02-05 12:58:16 UTC</createdTime>
<generatorID>863AA10B-0FF0-A1A5-09DC-1A7B9D2DFCA7</generatorID>
<ownerDesignName>Retail Solari SA</ownerDesignName>
<engineerTo>
<item key="772AD803-5168-3ED7-844B-4FB296B83E88" value="true"/>
</engineerTo>
<referedAttribute>C69FB7DD-0DBE-8789-7DC0-BEA5C6CB0588</referedAttribute>
<useDomainConstraints>false</useDomainConstraints>
<use>1</use>
<logicalDatatype>LOGDT024</logicalDatatype>
<dataTypeSize>10</dataTypeSize>
<ownDataTypeParameters>10,,</ownDataTypeParameters>
</Attribute>
<Attribute name="ID_Sucursal" id="D3B0159B-AD94-9EFB-6B50-D81E4CE1C84C">
<createdBy>cristinalagosgonzalez</createdBy>
<createdTime>2026-02-05 13:21:49 UTC</createdTime>
<generatorID>D864DCD2-1D6D-0A9C-70C1-DE87EC7F836A</generatorID>
<ownerDesignName>Retail Solari SA</ownerDesignName>
<engineerTo>
<item key="772AD803-5168-3ED7-844B-4FB296B83E88" value="true"/>
</engineerTo>
<referedAttribute>6B560979-5804-3AD0-D709-8C6C1C3654A5</referedAttribute>
<useDomainConstraints>false</useDomainConstraints>
<use>1</use>
<logicalDatatype>LOGDT024</logicalDatatype>
<dataTypeSize>10</dataTypeSize>
<ownDataTypeParameters>10,,</ownDataTypeParameters>
</Attribute>
</attributes>
<identifiers itemClass="oracle.dbtools.crest.model.design.logical.CandidateKey">
<identifier id="27CD9FB8-47E4-0977-1CDF-3960AAA23EAE" name="MODELO PK">
<createdBy>cristinalagosgonzalez</createdBy>
<createdTime>2026-02-04 14:01:33 UTC</createdTime>
<ownerDesignName>Retail Solari SA</ownerDesignName>
<engineerTo>
<item key="772AD803-5168-3ED7-844B-4FB296B83E88" value="true"/>
</engineerTo>
<pk>true</pk>
<usedAttributes>
<attributeRef>ED1BC6AC-3FDA-0BE0-D3C9-41D8827B6D00</attributeRef>
</usedAttributes>
</identifier>
</identifiers>
</Entity>
