<?xml version = '1.0' encoding = 'UTF-8'?>
<Entity class="oracle.dbtools.crest.model.design.logical.Entity" directorySegmentName="seg_0" id="B80B6A5C-6244-91C9-2794-A1EA266888A9" name="COMUNA">
<createdBy>cristinalagosgonzalez</createdBy>
<createdTime>2026-02-04 13:42:57 UTC</createdTime>
<ownerDesignName>Retail Solari SA</ownerDesignName>
<engineerTo>
<item key="772AD803-5168-3ED7-844B-4FB296B83E88" value="true"/>
</engineerTo>
<adequatelyNormalized>NO</adequatelyNormalized>
<expectedVolumes>0</expectedVolumes>
<fwdEngineeringStrategyName>Single Table</fwdEngineeringStrategyName>
<growthPercent>0</growthPercent>
<growthType>Year</growthType>
<maxVolumes>9999999</maxVolumes>
<minVolumes>0</minVolumes>
<normalForm>Third</normalForm>
<attributes itemClass="oracle.dbtools.crest.model.design.logical.Attribute">
<Attribute name="ID_Comuna" id="7F6F3922-39A1-1073-3DDE-A8BECB5309DC">
<createdBy>cristinalagosgonzalez</createdBy>
<createdTime>2026-02-04 13:48:52 UTC</createdTime>
<ownerDesignName>Retail Solari SA</ownerDesignName>
<engineerTo>
<item key="772AD803-5168-3ED7-844B-4FB296B83E88" value="true"/>
</engineerTo>
<useDomainConstraints>false</useDomainConstraints>
<use>1</use>
<logicalDatatype>LOGDT024</logicalDatatype>
<dataTypeSize>5</dataTypeSize>
<ownDataTypeParameters>5,,</ownDataTypeParameters>
</Attribute>
<Attribute name="Nombre_Comuna" id="3F22E8D9-76B9-3DA1-876C-4C06E332B46F">
<createdBy>cristinalagosgonzalez</createdBy>
<createdTime>2026-02-04 13:49:11 UTC</createdTime>
<ownerDesignName>Retail Solari SA</ownerDesignName>
<engineerTo>
<item key="772AD803-5168-3ED7-844B-4FB296B83E88" value="true"/>
</engineerTo>
<useDomainConstraints>false</useDomainConstraints>
<use>1</use>
<logicalDatatype>LOGDT024</logicalDatatype>
<dataTypeSize>50</dataTypeSize>
<ownDataTypeParameters>50,,</ownDataTypeParameters>
</Attribute>
<Attribute name="ID_Region" id="881C641A-66F8-7F43-47C0-5BC7E0AC070F">
<createdBy>cristinalagosgonzalez</createdBy>
<createdTime>2026-02-04 13:53:23 UTC</createdTime>
<generatorID>ACA4D4A5-B9C7-FAFA-03A4-3CE402E1195D</generatorID>
<ownerDesignName>Retail Solari SA</ownerDesignName>
<engineerTo>
<item key="772AD803-5168-3ED7-844B-4FB296B83E88" value="true"/>
</engineerTo>
<referedAttribute>FC6AB40C-AC44-B7F6-FF23-D2F55EA338F5</referedAttribute>
<useDomainConstraints>false</useDomainConstraints>
<use>1</use>
<logicalDatatype>LOGDT024</logicalDatatype>
<dataTypeSize>20</dataTypeSize>
<ownDataTypeParameters>,,</ownDataTypeParameters>
</Attribute>
</attributes>
<identifiers itemClass="oracle.dbtools.crest.model.design.logical.CandidateKey">
<identifier id="D6D97B34-4DEB-279B-B8B2-F5F36D1B048A" name="COMUNA PK">
<createdBy>cristinalagosgonzalez</createdBy>
<createdTime>2026-02-04 13:49:09 UTC</createdTime>
<ownerDesignName>Retail Solari SA</ownerDesignName>
<engineerTo>
<item key="772AD803-5168-3ED7-844B-4FB296B83E88" value="true"/>
</engineerTo>
<pk>true</pk>
<usedAttributes>
<attributeRef>7F6F3922-39A1-1073-3DDE-A8BECB5309DC</attributeRef>
<attributeRef>881C641A-66F8-7F43-47C0-5BC7E0AC070F</attributeRef>
</usedAttributes>
</identifier>
</identifiers>
</Entity>
