<?xml version = '1.0' encoding = 'UTF-8'?>
<Entity class="oracle.dbtools.crest.model.design.logical.Entity" directorySegmentName="seg_0" id="D71F3BAF-0250-B5C2-2229-C819167883AC" name="RAZON_SOCIAL">
<createdBy>cristinalagosgonzalez</createdBy>
<createdTime>2026-02-04 14:14:51 UTC</createdTime>
<ownerDesignName>Retail Solari SA</ownerDesignName>
<engineerTo>
<item key="772AD803-5168-3ED7-844B-4FB296B83E88" value="true"/>
</engineerTo>
<adequatelyNormalized>NO</adequatelyNormalized>
<expectedVolumes>0</expectedVolumes>
<fwdEngineeringStrategyName>Single Table</fwdEngineeringStrategyName>
<growthPercent>0</growthPercent>
<growthType>Year</growthType>
<hierarchicalParent>2879BEFC-941B-4CB5-DBE6-9649E01999E6</hierarchicalParent>
<maxVolumes>9999999</maxVolumes>
<minVolumes>0</minVolumes>
<normalForm>Third</normalForm>
<discriminatorValue>E</discriminatorValue>
<attributes itemClass="oracle.dbtools.crest.model.design.logical.Attribute">
<Attribute name="Razon_Social" id="9655EDAC-0EC3-C266-7A98-E7863B1B3F00">
<createdBy>cristinalagosgonzalez</createdBy>
<createdTime>2026-02-04 14:15:00 UTC</createdTime>
<ownerDesignName>Retail Solari SA</ownerDesignName>
<engineerTo>
<item key="772AD803-5168-3ED7-844B-4FB296B83E88" value="true"/>
</engineerTo>
<useDomainConstraints>false</useDomainConstraints>
<use>1</use>
<logicalDatatype>LOGDT024</logicalDatatype>
<dataTypeSize>10</dataTypeSize>
<ownDataTypeParameters>10,,</ownDataTypeParameters>
</Attribute>
<Attribute name="Rut_Empresa" id="C38A236B-B328-B81F-1A0B-30F1EA144E77">
<createdBy>cristinalagosgonzalez</createdBy>
<createdTime>2026-02-04 14:15:58 UTC</createdTime>
<ownerDesignName>Retail Solari SA</ownerDesignName>
<engineerTo>
<item key="772AD803-5168-3ED7-844B-4FB296B83E88" value="true"/>
</engineerTo>
<useDomainConstraints>false</useDomainConstraints>
<use>1</use>
<logicalDatatype>LOGDT024</logicalDatatype>
<dataTypeSize>11</dataTypeSize>
<ownDataTypeParameters>11,,</ownDataTypeParameters>
</Attribute>
<Attribute name="Website" id="6BB4EB6F-8B87-353E-F8C8-1A3B2CC18307">
<createdBy>cristinalagosgonzalez</createdBy>
<createdTime>2026-02-04 14:26:42 UTC</createdTime>
<ownerDesignName>Retail Solari SA</ownerDesignName>
<engineerTo>
<item key="772AD803-5168-3ED7-844B-4FB296B83E88" value="true"/>
</engineerTo>
<nullsAllowed>true</nullsAllowed>
<useDomainConstraints>false</useDomainConstraints>
<use>1</use>
<logicalDatatype>LOGDT024</logicalDatatype>
<dataTypeSize>40</dataTypeSize>
<ownDataTypeParameters>40,,</ownDataTypeParameters>
</Attribute>
</attributes>
<identifiers itemClass="oracle.dbtools.crest.model.design.logical.CandidateKey">
<identifier id="0CF06C65-8B75-83B2-766C-2A8B765F8C01" name="EMPRESAS PK">
<createdBy>cristinalagosgonzalez</createdBy>
<createdTime>2026-02-04 14:20:48 UTC</createdTime>
<ownerDesignName>Retail Solari SA</ownerDesignName>
<shouldEngineer>false</shouldEngineer>
<engineerTo>
<item key="772AD803-5168-3ED7-844B-4FB296B83E88" value="false"/>
</engineerTo>
<pk>true</pk>
<usedAttributes>
<attributeRef>C38A236B-B328-B81F-1A0B-30F1EA144E77</attributeRef>
</usedAttributes>
</identifier>
</identifiers>
</Entity>
