<?xml version = '1.0' encoding = 'UTF-8'?>
<Entity class="oracle.dbtools.crest.model.design.logical.Entity" directorySegmentName="seg_0" id="E50688D7-26F5-AB54-F523-D370028FEFAB" name="SUCURSAL">
<createdBy>cristinalagosgonzalez</createdBy>
<createdTime>2026-02-04 13:43:02 UTC</createdTime>
<ownerDesignName>Retail Solari SA</ownerDesignName>
<engineerTo>
<item key="772AD803-5168-3ED7-844B-4FB296B83E88" value="true"/>
</engineerTo>
<adequatelyNormalized>NO</adequatelyNormalized>
<expectedVolumes>0</expectedVolumes>
<fwdEngineeringStrategyName>Single Table</fwdEngineeringStrategyName>
<growthPercent>0</growthPercent>
<growthType>Year</growthType>
<maxVolumes>9999999</maxVolumes>
<minVolumes>0</minVolumes>
<normalForm>Third</normalForm>
<attributes itemClass="oracle.dbtools.crest.model.design.logical.Attribute">
<Attribute name="ID_Sucursal" id="B4DDE22F-2473-7631-8DE8-98394FA39F63">
<createdBy>cristinalagosgonzalez</createdBy>
<createdTime>2026-02-04 14:04:13 UTC</createdTime>
<ownerDesignName>Retail Solari SA</ownerDesignName>
<engineerTo>
<item key="772AD803-5168-3ED7-844B-4FB296B83E88" value="true"/>
</engineerTo>
<useDomainConstraints>false</useDomainConstraints>
<use>1</use>
<logicalDatatype>LOGDT024</logicalDatatype>
<dataTypeSize>5</dataTypeSize>
<ownDataTypeParameters>5,,</ownDataTypeParameters>
</Attribute>
<Attribute name="Cod_Sucursal" id="6278463E-CA26-88C1-28CD-52D94620556D">
<createdBy>cristinalagosgonzalez</createdBy>
<createdTime>2026-02-04 14:04:35 UTC</createdTime>
<ownerDesignName>Retail Solari SA</ownerDesignName>
<engineerTo>
<item key="772AD803-5168-3ED7-844B-4FB296B83E88" value="true"/>
</engineerTo>
<useDomainConstraints>false</useDomainConstraints>
<use>1</use>
<logicalDatatype>LOGDT024</logicalDatatype>
<dataTypeSize>10</dataTypeSize>
<ownDataTypeParameters>10,,</ownDataTypeParameters>
</Attribute>
<Attribute name="Nombre_Sucursal" id="ADF86FF0-EB89-0F09-1235-62131D2F5763">
<createdBy>cristinalagosgonzalez</createdBy>
<createdTime>2026-02-04 14:04:53 UTC</createdTime>
<ownerDesignName>Retail Solari SA</ownerDesignName>
<engineerTo>
<item key="772AD803-5168-3ED7-844B-4FB296B83E88" value="true"/>
</engineerTo>
<useDomainConstraints>false</useDomainConstraints>
<use>1</use>
<logicalDatatype>LOGDT024</logicalDatatype>
<dataTypeSize>50</dataTypeSize>
<ownDataTypeParameters>50,,</ownDataTypeParameters>
</Attribute>
<Attribute name="ID_Comuna" id="4C58A389-8F50-4927-B69B-216242322FF9">
<createdBy>cristinalagosgonzalez</createdBy>
<createdTime>2026-02-05 13:36:33 UTC</createdTime>
<generatorID>8C38886A-F389-40A3-2867-A7D666621779</generatorID>
<ownerDesignName>Retail Solari SA</ownerDesignName>
<engineerTo>
<item key="772AD803-5168-3ED7-844B-4FB296B83E88" value="true"/>
</engineerTo>
<referedAttribute>7F6F3922-39A1-1073-3DDE-A8BECB5309DC</referedAttribute>
<useDomainConstraints>false</useDomainConstraints>
<use>1</use>
<logicalDatatype>LOGDT024</logicalDatatype>
<dataTypeSize>5</dataTypeSize>
<ownDataTypeParameters>,,</ownDataTypeParameters>
</Attribute>
<Attribute name="ID_Region" id="363EF738-FBA3-05C0-C659-748E094AC2ED">
<createdBy>cristinalagosgonzalez</createdBy>
<createdTime>2026-02-05 13:36:33 UTC</createdTime>
<generatorID>8C38886A-F389-40A3-2867-A7D666621779</generatorID>
<ownerDesignName>Retail Solari SA</ownerDesignName>
<engineerTo>
<item key="772AD803-5168-3ED7-844B-4FB296B83E88" value="true"/>
</engineerTo>
<referedAttribute>881C641A-66F8-7F43-47C0-5BC7E0AC070F</referedAttribute>
<useDomainConstraints>false</useDomainConstraints>
<use>1</use>
<logicalDatatype>LOGDT024</logicalDatatype>
<dataTypeSize>10</dataTypeSize>
<ownDataTypeParameters>,,</ownDataTypeParameters>
</Attribute>
</attributes>
<identifiers itemClass="oracle.dbtools.crest.model.design.logical.CandidateKey">
<identifier id="7D334138-6A61-F10E-6C7E-79D304A06D08" name="SUCURSAL PK">
<createdBy>cristinalagosgonzalez</createdBy>
<createdTime>2026-02-05 12:55:54 UTC</createdTime>
<ownerDesignName>Retail Solari SA</ownerDesignName>
<engineerTo>
<item key="772AD803-5168-3ED7-844B-4FB296B83E88" value="true"/>
</engineerTo>
<pk>true</pk>
<usedAttributes>
<attributeRef>B4DDE22F-2473-7631-8DE8-98394FA39F63</attributeRef>
</usedAttributes>
</identifier>
</identifiers>
</Entity>
