<?xml version = '1.0' encoding = 'UTF-8'?>
<Entity class="oracle.dbtools.crest.model.design.logical.Entity" directorySegmentName="seg_0" id="FB8EC01B-9B2B-84E6-301B-2B3179B7D78D" name="REGION">
<createdBy>cristinalagosgonzalez</createdBy>
<createdTime>2026-02-04 13:49:33 UTC</createdTime>
<ownerDesignName>Retail Solari SA</ownerDesignName>
<engineerTo>
<item key="772AD803-5168-3ED7-844B-4FB296B83E88" value="true"/>
</engineerTo>
<adequatelyNormalized>NO</adequatelyNormalized>
<expectedVolumes>0</expectedVolumes>
<fwdEngineeringStrategyName>Single Table</fwdEngineeringStrategyName>
<growthPercent>0</growthPercent>
<growthType>Year</growthType>
<maxVolumes>9999999</maxVolumes>
<minVolumes>0</minVolumes>
<normalForm>Third</normalForm>
<attributes itemClass="oracle.dbtools.crest.model.design.logical.Attribute">
<Attribute name="ID_Region" id="FC6AB40C-AC44-B7F6-FF23-D2F55EA338F5">
<createdBy>cristinalagosgonzalez</createdBy>
<createdTime>2026-02-04 13:49:41 UTC</createdTime>
<ownerDesignName>Retail Solari SA</ownerDesignName>
<engineerTo>
<item key="772AD803-5168-3ED7-844B-4FB296B83E88" value="true"/>
</engineerTo>
<useDomainConstraints>false</useDomainConstraints>
<use>1</use>
<logicalDatatype>LOGDT024</logicalDatatype>
<dataTypeSize>20</dataTypeSize>
<ownDataTypeParameters>20,,</ownDataTypeParameters>
</Attribute>
<Attribute name="Nombre_Region" id="D76AEFFF-9DC4-890D-2F00-F591B0B442D3">
<createdBy>cristinalagosgonzalez</createdBy>
<createdTime>2026-02-04 13:50:14 UTC</createdTime>
<ownerDesignName>Retail Solari SA</ownerDesignName>
<engineerTo>
<item key="772AD803-5168-3ED7-844B-4FB296B83E88" value="true"/>
</engineerTo>
<useDomainConstraints>false</useDomainConstraints>
<use>1</use>
<logicalDatatype>LOGDT024</logicalDatatype>
<dataTypeSize>20</dataTypeSize>
<ownDataTypeParameters>20,,</ownDataTypeParameters>
</Attribute>
</attributes>
<identifiers itemClass="oracle.dbtools.crest.model.design.logical.CandidateKey">
<identifier id="93860496-E2F2-4593-C5D4-4983F3E78A9D" name="Region PK">
<createdBy>cristinalagosgonzalez</createdBy>
<createdTime>2026-02-04 13:50:08 UTC</createdTime>
<ownerDesignName>Retail Solari SA</ownerDesignName>
<engineerTo>
<item key="772AD803-5168-3ED7-844B-4FB296B83E88" value="true"/>
</engineerTo>
<pk>true</pk>
<usedAttributes>
<attributeRef>FC6AB40C-AC44-B7F6-FF23-D2F55EA338F5</attributeRef>
</usedAttributes>
</identifier>
</identifiers>
</Entity>
