<?xml version = '1.0' encoding = 'UTF-8'?>
<Table class="oracle.dbtools.crest.model.design.relational.Table" directorySegmentName="seg_0" id="0ACE450D-E0D7-233C-FC02-4DE54E4C43DE" name="RAZON_SOCIAL">
<createdBy>cristinalagosgonzalez</createdBy>
<createdTime>2026-02-05 14:24:19 UTC</createdTime>
<generatorID>D71F3BAF-0250-B5C2-2229-C819167883AC</generatorID>
<ownerDesignName>Retail Solari SA</ownerDesignName>
<allowColumnReorder>false</allowColumnReorder>
<existDependencyGenerateInDDl>true</existDependencyGenerateInDDl>
<parsed>true</parsed>
<columns itemClass="oracle.dbtools.crest.model.design.relational.Column">
<Column name="PROVEEDOR_PROVEEDOR_ID" id="B798E557-64C6-BA6C-0A0C-82C2AB7D6650">
<createdBy>cristinalagosgonzalez</createdBy>
<createdTime>2026-02-05 14:24:19 UTC</createdTime>
<ownerDesignName>Retail Solari SA</ownerDesignName>
<useDomainConstraints>false</useDomainConstraints>
<use>1</use>
<logicalDatatype>LOGDT019</logicalDatatype>
<ownDataTypeParameters>,,</ownDataTypeParameters>
<previousColumn>false</previousColumn>
<autoIncrementCycle>false</autoIncrementCycle>
<associations>
<colAssociation fkAssociation="4768BE7E-FD6A-5733-FFD8-C0A66B0F27A6" referredColumn="4567906D-D3B2-D1C3-FF72-92BCB2FC8042"/>
</associations>
</Column>
<Column name="Razon_Social" id="7DDF78E4-12E5-89C6-FA9A-0A23B0331806">
<createdBy>cristinalagosgonzalez</createdBy>
<createdTime>2026-02-05 14:24:19 UTC</createdTime>
<generatorID>9655EDAC-0EC3-C266-7A98-E7863B1B3F00</generatorID>
<ownerDesignName>Retail Solari SA</ownerDesignName>
<useDomainConstraints>false</useDomainConstraints>
<use>1</use>
<logicalDatatype>LOGDT024</logicalDatatype>
<dataTypeSize>10</dataTypeSize>
<ownDataTypeParameters>10,,</ownDataTypeParameters>
<autoIncrementCycle>false</autoIncrementCycle>
</Column>
<Column name="Rut_Empresa" id="26824D1B-58F2-0CE6-56C3-B9BDDBCB54F1">
<createdBy>cristinalagosgonzalez</createdBy>
<createdTime>2026-02-05 14:24:19 UTC</createdTime>
<generatorID>C38A236B-B328-B81F-1A0B-30F1EA144E77</generatorID>
<ownerDesignName>Retail Solari SA</ownerDesignName>
<useDomainConstraints>false</useDomainConstraints>
<use>1</use>
<logicalDatatype>LOGDT024</logicalDatatype>
<dataTypeSize>11</dataTypeSize>
<ownDataTypeParameters>11,,</ownDataTypeParameters>
<autoIncrementCycle>false</autoIncrementCycle>
</Column>
<Column name="Website" id="0E266A19-9EB6-51D7-A842-3E2F644CE5F0">
<createdBy>cristinalagosgonzalez</createdBy>
<createdTime>2026-02-05 14:24:19 UTC</createdTime>
<generatorID>6BB4EB6F-8B87-353E-F8C8-1A3B2CC18307</generatorID>
<ownerDesignName>Retail Solari SA</ownerDesignName>
<nullsAllowed>true</nullsAllowed>
<useDomainConstraints>false</useDomainConstraints>
<use>1</use>
<logicalDatatype>LOGDT024</logicalDatatype>
<dataTypeSize>40</dataTypeSize>
<ownDataTypeParameters>40,,</ownDataTypeParameters>
<autoIncrementCycle>false</autoIncrementCycle>
</Column>
</columns>
<indexes itemClass="oracle.dbtools.crest.model.design.relational.Index">
<ind_PK_UK id="F88C183F-08AB-B435-5320-3A597A8FA3A1" name="RAZON_SOCIAL_PK">
<createdBy>cristinalagosgonzalez</createdBy>
<createdTime>2026-02-05 14:24:19 UTC</createdTime>
<ownerDesignName>Retail Solari SA</ownerDesignName>
<pk>true</pk>
<indexState>Primary Constraint</indexState>
<indexColumnUsage>
<colUsage columnID="B798E557-64C6-BA6C-0A0C-82C2AB7D6650"/>
</indexColumnUsage>
</ind_PK_UK>
<ind_PK_UK id="BA1662DE-8A18-B859-7275-169566A9A28E" name="RAZON_SOCIAL_Rut_Empresa_UN">
<createdBy>cristinalagosgonzalez</createdBy>
<createdTime>2026-02-05 14:24:19 UTC</createdTime>
<generatorID>0CF06C65-8B75-83B2-766C-2A8B765F8C01</generatorID>
<ownerDesignName>Retail Solari SA</ownerDesignName>
<indexState>Unique Constraint</indexState>
<isSurrogateKey>false</isSurrogateKey>
<indexColumnUsage>
<colUsage columnID="26824D1B-58F2-0CE6-56C3-B9BDDBCB54F1"/>
</indexColumnUsage>
</ind_PK_UK>
<ind_PK_UK id="16515D45-5772-8FA7-C7D0-809B9E62558B" name="RAZON_SOCIAL_PROVEEDOR_FK">
<createdBy>cristinalagosgonzalez</createdBy>
<createdTime>2026-02-05 14:24:19 UTC</createdTime>
<generatorID>5D17C1FC-D5FF-4E4E-0875-248BD02A0929</generatorID>
<ownerDesignName>Retail Solari SA</ownerDesignName>
<indexState>Foreign Key</indexState>
<isSurrogateKey>false</isSurrogateKey>
<indexColumnUsage>
<colUsage columnID="B798E557-64C6-BA6C-0A0C-82C2AB7D6650"/>
</indexColumnUsage>
</ind_PK_UK>
</indexes>
</Table>
