<?xml version = '1.0' encoding = 'UTF-8'?>
<Table class="oracle.dbtools.crest.model.design.relational.Table" directorySegmentName="seg_0" id="0F63C03E-AEEA-4EC8-9FF8-901AEED8D29A" name="CLIENTE">
<createdBy>cristinalagosgonzalez</createdBy>
<createdTime>2026-02-05 14:24:19 UTC</createdTime>
<generatorID>61E225EE-1100-53DD-68D3-E4EB00A7AC9F</generatorID>
<ownerDesignName>Retail Solari SA</ownerDesignName>
<allowColumnReorder>false</allowColumnReorder>
<existDependencyGenerateInDDl>true</existDependencyGenerateInDDl>
<parsed>true</parsed>
<columns itemClass="oracle.dbtools.crest.model.design.relational.Column">
<Column name="ID_Cliente" id="D1A1B00A-31BF-6784-DD94-8F9300BB3EC7">
<createdBy>cristinalagosgonzalez</createdBy>
<createdTime>2026-02-05 14:24:19 UTC</createdTime>
<generatorID>E44E0ABC-ECF9-44BF-6658-F7EDF6BB6814</generatorID>
<ownerDesignName>Retail Solari SA</ownerDesignName>
<useDomainConstraints>false</useDomainConstraints>
<use>1</use>
<logicalDatatype>LOGDT024</logicalDatatype>
<dataTypeSize>10</dataTypeSize>
<ownDataTypeParameters>10,,</ownDataTypeParameters>
<autoIncrementCycle>false</autoIncrementCycle>
</Column>
<Column name="Primer_Nombre" id="4FA1A43E-65FA-5D64-BA01-B0877D08F2ED">
<createdBy>cristinalagosgonzalez</createdBy>
<createdTime>2026-02-05 14:24:19 UTC</createdTime>
<generatorID>4B10F5DE-6EA6-B10E-9478-742A830AC878</generatorID>
<ownerDesignName>Retail Solari SA</ownerDesignName>
<useDomainConstraints>false</useDomainConstraints>
<use>1</use>
<logicalDatatype>LOGDT024</logicalDatatype>
<dataTypeSize>15</dataTypeSize>
<ownDataTypeParameters>15,,</ownDataTypeParameters>
<autoIncrementCycle>false</autoIncrementCycle>
</Column>
<Column name="Apellido_Paterno" id="1C031A84-3E2B-1F46-9032-4A8E76629D62">
<createdBy>cristinalagosgonzalez</createdBy>
<createdTime>2026-02-05 14:24:19 UTC</createdTime>
<generatorID>2F0115B6-48D1-CBAE-5B12-1127B52AE8F6</generatorID>
<ownerDesignName>Retail Solari SA</ownerDesignName>
<useDomainConstraints>false</useDomainConstraints>
<use>1</use>
<logicalDatatype>LOGDT024</logicalDatatype>
<dataTypeSize>15</dataTypeSize>
<ownDataTypeParameters>15,,</ownDataTypeParameters>
<autoIncrementCycle>false</autoIncrementCycle>
</Column>
<Column name="COMUNA_ID_Comuna" id="5A6E5891-3408-5583-DEDB-9BDA0E238591">
<createdBy>cristinalagosgonzalez</createdBy>
<createdTime>2026-02-05 14:24:19 UTC</createdTime>
<generatorID>2F99F40B-D22A-B76B-643A-5AD5FC6E0172</generatorID>
<ownerDesignName>Retail Solari SA</ownerDesignName>
<useDomainConstraints>false</useDomainConstraints>
<use>1</use>
<logicalDatatype>LOGDT024</logicalDatatype>
<dataTypeSize>5</dataTypeSize>
<ownDataTypeParameters>5,,</ownDataTypeParameters>
<previousColumn>false</previousColumn>
<autoIncrementCycle>false</autoIncrementCycle>
<associations>
<colAssociation fkAssociation="B5B71F44-6EAD-1B56-5C69-E53F4E60D059" referredColumn="E4AC41D3-30BA-9283-438C-D1BF003CAF26"/>
</associations>
</Column>
<Column name="COMUNA_REGION_ID_Region" id="6A92C5B1-9BD7-8CCE-72B2-0B148943CF41">
<createdBy>cristinalagosgonzalez</createdBy>
<createdTime>2026-02-05 14:24:19 UTC</createdTime>
<generatorID>DB96ECC1-7189-5D0E-3544-34931F9C641C</generatorID>
<ownerDesignName>Retail Solari SA</ownerDesignName>
<useDomainConstraints>false</useDomainConstraints>
<use>1</use>
<logicalDatatype>LOGDT024</logicalDatatype>
<dataTypeSize>10</dataTypeSize>
<ownDataTypeParameters>10,,</ownDataTypeParameters>
<previousColumn>false</previousColumn>
<autoIncrementCycle>false</autoIncrementCycle>
<associations>
<colAssociation fkAssociation="B5B71F44-6EAD-1B56-5C69-E53F4E60D059" referredColumn="9E95A100-A873-090F-3513-FE4A4C256D1C"/>
</associations>
</Column>
</columns>
<indexes itemClass="oracle.dbtools.crest.model.design.relational.Index">
<ind_PK_UK id="BFA67426-C146-025A-F64D-01E3FDE99F7C" name="CLIENTE_PK">
<createdBy>cristinalagosgonzalez</createdBy>
<createdTime>2026-02-05 14:24:19 UTC</createdTime>
<generatorID>D0F8FB8B-7D42-EB6A-8CFE-D0A110866F76</generatorID>
<ownerDesignName>Retail Solari SA</ownerDesignName>
<pk>true</pk>
<indexState>Primary Constraint</indexState>
<isSurrogateKey>false</isSurrogateKey>
<indexColumnUsage>
<colUsage columnID="D1A1B00A-31BF-6784-DD94-8F9300BB3EC7"/>
</indexColumnUsage>
</ind_PK_UK>
<ind_PK_UK id="1D41A638-F36F-BB9D-A0BF-DBC09A46DC41" name="CLIENTE_COMUNA_FK">
<createdBy>cristinalagosgonzalez</createdBy>
<createdTime>2026-02-05 14:24:19 UTC</createdTime>
<generatorID>508FFFEE-E11E-C583-9B2A-F7E8E79DB5CB</generatorID>
<ownerDesignName>Retail Solari SA</ownerDesignName>
<indexState>Foreign Key</indexState>
<isSurrogateKey>false</isSurrogateKey>
<indexColumnUsage>
<colUsage columnID="5A6E5891-3408-5583-DEDB-9BDA0E238591"/>
<colUsage columnID="6A92C5B1-9BD7-8CCE-72B2-0B148943CF41"/>
</indexColumnUsage>
</ind_PK_UK>
</indexes>
</Table>
