<?xml version = '1.0' encoding = 'UTF-8'?>
<Table class="oracle.dbtools.crest.model.design.relational.Table" directorySegmentName="seg_0" id="145A18EC-9A3D-2C5E-D35E-3694C3398A6B" name="COMUNA">
<createdBy>cristinalagosgonzalez</createdBy>
<createdTime>2026-02-05 14:24:19 UTC</createdTime>
<generatorID>B80B6A5C-6244-91C9-2794-A1EA266888A9</generatorID>
<ownerDesignName>Retail Solari SA</ownerDesignName>
<allowColumnReorder>false</allowColumnReorder>
<existDependencyGenerateInDDl>true</existDependencyGenerateInDDl>
<parsed>true</parsed>
<columns itemClass="oracle.dbtools.crest.model.design.relational.Column">
<Column name="ID_Comuna" id="E4AC41D3-30BA-9283-438C-D1BF003CAF26">
<createdBy>cristinalagosgonzalez</createdBy>
<createdTime>2026-02-05 14:24:19 UTC</createdTime>
<generatorID>7F6F3922-39A1-1073-3DDE-A8BECB5309DC</generatorID>
<ownerDesignName>Retail Solari SA</ownerDesignName>
<useDomainConstraints>false</useDomainConstraints>
<use>1</use>
<logicalDatatype>LOGDT024</logicalDatatype>
<dataTypeSize>5</dataTypeSize>
<ownDataTypeParameters>5,,</ownDataTypeParameters>
<autoIncrementCycle>false</autoIncrementCycle>
</Column>
<Column name="Nombre_Comuna" id="8D4654AE-C056-E40E-6607-8D4FAA3A112C">
<createdBy>cristinalagosgonzalez</createdBy>
<createdTime>2026-02-05 14:24:19 UTC</createdTime>
<generatorID>3F22E8D9-76B9-3DA1-876C-4C06E332B46F</generatorID>
<ownerDesignName>Retail Solari SA</ownerDesignName>
<useDomainConstraints>false</useDomainConstraints>
<use>1</use>
<logicalDatatype>LOGDT024</logicalDatatype>
<dataTypeSize>50</dataTypeSize>
<ownDataTypeParameters>50,,</ownDataTypeParameters>
<autoIncrementCycle>false</autoIncrementCycle>
</Column>
<Column name="REGION_ID_Region" id="9E95A100-A873-090F-3513-FE4A4C256D1C">
<createdBy>cristinalagosgonzalez</createdBy>
<createdTime>2026-02-05 14:24:19 UTC</createdTime>
<generatorID>881C641A-66F8-7F43-47C0-5BC7E0AC070F</generatorID>
<ownerDesignName>Retail Solari SA</ownerDesignName>
<useDomainConstraints>false</useDomainConstraints>
<use>1</use>
<logicalDatatype>LOGDT024</logicalDatatype>
<dataTypeSize>20</dataTypeSize>
<ownDataTypeParameters>,,</ownDataTypeParameters>
<previousColumn>false</previousColumn>
<autoIncrementCycle>false</autoIncrementCycle>
<associations>
<colAssociation fkAssociation="892950A1-B533-4DFE-3B82-03D2EC127050" referredColumn="C9E3C38E-753E-D5E1-432A-547022DEFD9E"/>
</associations>
</Column>
</columns>
<indexes itemClass="oracle.dbtools.crest.model.design.relational.Index">
<ind_PK_UK id="D61C377B-3293-67C0-B336-84FB38EE5051" name="COMUNA_PK">
<createdBy>cristinalagosgonzalez</createdBy>
<createdTime>2026-02-05 14:24:19 UTC</createdTime>
<generatorID>D6D97B34-4DEB-279B-B8B2-F5F36D1B048A</generatorID>
<ownerDesignName>Retail Solari SA</ownerDesignName>
<pk>true</pk>
<indexState>Primary Constraint</indexState>
<isSurrogateKey>false</isSurrogateKey>
<indexColumnUsage>
<colUsage columnID="E4AC41D3-30BA-9283-438C-D1BF003CAF26"/>
<colUsage columnID="9E95A100-A873-090F-3513-FE4A4C256D1C"/>
</indexColumnUsage>
</ind_PK_UK>
<ind_PK_UK id="E9D1EC52-FF72-5B26-938B-6428DC6600F2" name="COMUNA_REGION_FK">
<createdBy>cristinalagosgonzalez</createdBy>
<createdTime>2026-02-05 14:24:19 UTC</createdTime>
<generatorID>ACA4D4A5-B9C7-FAFA-03A4-3CE402E1195D</generatorID>
<ownerDesignName>Retail Solari SA</ownerDesignName>
<indexState>Foreign Key</indexState>
<isSurrogateKey>false</isSurrogateKey>
<indexColumnUsage>
<colUsage columnID="9E95A100-A873-090F-3513-FE4A4C256D1C"/>
</indexColumnUsage>
</ind_PK_UK>
</indexes>
</Table>
