<?xml version = '1.0' encoding = 'UTF-8'?>
<Table class="oracle.dbtools.crest.model.design.relational.Table" directorySegmentName="seg_0" id="1BCC1E20-14D1-BC04-14E5-48FB61052F22" name="BOLETA">
<createdBy>cristinalagosgonzalez</createdBy>
<createdTime>2026-02-05 14:24:19 UTC</createdTime>
<generatorID>1D8F3BCC-A2F2-0332-8A7F-6C6DA4003622</generatorID>
<ownerDesignName>Retail Solari SA</ownerDesignName>
<allowColumnReorder>false</allowColumnReorder>
<existDependencyGenerateInDDl>true</existDependencyGenerateInDDl>
<parsed>true</parsed>
<columns itemClass="oracle.dbtools.crest.model.design.relational.Column">
<Column name="ID_Boleta" id="8374CD9A-0F1E-3CFC-0F8A-C583EDEBA443">
<createdBy>cristinalagosgonzalez</createdBy>
<createdTime>2026-02-05 14:24:19 UTC</createdTime>
<generatorID>7D25ACA3-957F-8E4A-961D-B4CD9FA7A57B</generatorID>
<ownerDesignName>Retail Solari SA</ownerDesignName>
<useDomainConstraints>false</useDomainConstraints>
<use>1</use>
<logicalDatatype>LOGDT024</logicalDatatype>
<dataTypeSize>10</dataTypeSize>
<ownDataTypeParameters>10,,</ownDataTypeParameters>
<autoIncrementCycle>false</autoIncrementCycle>
</Column>
<Column name="Num_Boleta" id="21280652-E423-FF27-9318-843A43223A82">
<createdBy>cristinalagosgonzalez</createdBy>
<createdTime>2026-02-05 14:24:19 UTC</createdTime>
<generatorID>DE17DD49-297A-EB00-B392-123A101740CA</generatorID>
<ownerDesignName>Retail Solari SA</ownerDesignName>
<useDomainConstraints>false</useDomainConstraints>
<use>1</use>
<logicalDatatype>LOGDT019</logicalDatatype>
<dataTypePrecision>5</dataTypePrecision>
<ownDataTypeParameters>,5,</ownDataTypeParameters>
<autoIncrementCycle>false</autoIncrementCycle>
</Column>
<Column name="CLIENTE_ID_Cliente" id="AFB5FEF6-B08E-6D16-0C26-6947AACFDA2E">
<createdBy>cristinalagosgonzalez</createdBy>
<createdTime>2026-02-05 14:24:19 UTC</createdTime>
<generatorID>4A40DFF6-B52E-350D-BD20-E3EAB4470C80</generatorID>
<ownerDesignName>Retail Solari SA</ownerDesignName>
<useDomainConstraints>false</useDomainConstraints>
<use>1</use>
<logicalDatatype>LOGDT024</logicalDatatype>
<dataTypeSize>10</dataTypeSize>
<ownDataTypeParameters>10,,</ownDataTypeParameters>
<previousColumn>false</previousColumn>
<autoIncrementCycle>false</autoIncrementCycle>
<associations>
<colAssociation fkAssociation="1EB2517E-62F1-F33A-E06B-363C022FECB3" referredColumn="D1A1B00A-31BF-6784-DD94-8F9300BB3EC7"/>
</associations>
</Column>
<Column name="DETALLE_BOLETA_ID_Sucursal" id="630AB51A-6A5D-F859-AEED-DCA1E62E2470">
<createdBy>cristinalagosgonzalez</createdBy>
<createdTime>2026-02-05 14:24:19 UTC</createdTime>
<generatorID>F9B8B1BB-238B-05A0-215E-5F3ACA62E4FD</generatorID>
<ownerDesignName>Retail Solari SA</ownerDesignName>
<useDomainConstraints>false</useDomainConstraints>
<use>1</use>
<logicalDatatype>LOGDT024</logicalDatatype>
<dataTypeSize>5</dataTypeSize>
<ownDataTypeParameters>5,,</ownDataTypeParameters>
<previousColumn>false</previousColumn>
<autoIncrementCycle>false</autoIncrementCycle>
</Column>
</columns>
<indexes itemClass="oracle.dbtools.crest.model.design.relational.Index">
<ind_PK_UK id="CF646418-1524-5E38-9AF1-DF0A3713B0F3" name="BOLETA_PK">
<createdBy>cristinalagosgonzalez</createdBy>
<createdTime>2026-02-05 14:24:19 UTC</createdTime>
<generatorID>19D4E3E7-C146-30C0-011C-2808830A1768</generatorID>
<ownerDesignName>Retail Solari SA</ownerDesignName>
<pk>true</pk>
<indexState>Primary Constraint</indexState>
<isSurrogateKey>false</isSurrogateKey>
<indexColumnUsage>
<colUsage columnID="8374CD9A-0F1E-3CFC-0F8A-C583EDEBA443"/>
</indexColumnUsage>
</ind_PK_UK>
<ind_PK_UK id="3E8A9699-0FD7-EA97-EB2F-092EA79E94E8" name="BOLETA__IDX">
<createdBy>cristinalagosgonzalez</createdBy>
<createdTime>2026-02-05 14:24:19 UTC</createdTime>
<ownerDesignName>Retail Solari SA</ownerDesignName>
<indexState>Unique Plain Index</indexState>
<isSurrogateKey>false</isSurrogateKey>
<relationGeneratorID>F56E4FF7-52BA-E79A-F73F-3FADE0E866FD</relationGeneratorID>
<indexColumnUsage>
<colUsage columnID="630AB51A-6A5D-F859-AEED-DCA1E62E2470"/>
</indexColumnUsage>
</ind_PK_UK>
<ind_PK_UK id="BE888D93-6723-84EC-2875-D52B0356FDD2" name="BOLETA_CLIENTE_FK">
<createdBy>cristinalagosgonzalez</createdBy>
<createdTime>2026-02-05 14:24:19 UTC</createdTime>
<generatorID>485CAF66-4EBB-7BF5-FF6A-795A6C1A88A8</generatorID>
<ownerDesignName>Retail Solari SA</ownerDesignName>
<indexState>Foreign Key</indexState>
<isSurrogateKey>false</isSurrogateKey>
<indexColumnUsage>
<colUsage columnID="AFB5FEF6-B08E-6D16-0C26-6947AACFDA2E"/>
</indexColumnUsage>
</ind_PK_UK>
</indexes>
</Table>
