<?xml version = '1.0' encoding = 'UTF-8'?>
<Table class="oracle.dbtools.crest.model.design.relational.Table" directorySegmentName="seg_0" id="3DEBC1A8-82E2-0830-8A10-9DB8D8CD4162" name="TELEFONO">
<createdBy>cristinalagosgonzalez</createdBy>
<createdTime>2026-02-05 14:24:19 UTC</createdTime>
<generatorID>098EAFA7-CF3B-EC90-CF28-585404654BAE</generatorID>
<ownerDesignName>Retail Solari SA</ownerDesignName>
<allowColumnReorder>false</allowColumnReorder>
<existDependencyGenerateInDDl>true</existDependencyGenerateInDDl>
<parsed>true</parsed>
<columns itemClass="oracle.dbtools.crest.model.design.relational.Column">
<Column name="Telefono_1" id="F2BF6583-4123-275B-8C99-0F27322F41DB">
<createdBy>cristinalagosgonzalez</createdBy>
<createdTime>2026-02-05 14:24:19 UTC</createdTime>
<generatorID>CF5C902C-A767-2598-4177-50C7FFB91497</generatorID>
<ownerDesignName>Retail Solari SA</ownerDesignName>
<useDomainConstraints>false</useDomainConstraints>
<use>1</use>
<logicalDatatype>LOGDT019</logicalDatatype>
<dataTypePrecision>10</dataTypePrecision>
<ownDataTypeParameters>,10,</ownDataTypeParameters>
<autoIncrementCycle>false</autoIncrementCycle>
</Column>
<Column name="Telefono_2" id="358116F2-BA0A-3826-ADAE-B782FA80C45C">
<createdBy>cristinalagosgonzalez</createdBy>
<createdTime>2026-02-05 14:24:19 UTC</createdTime>
<generatorID>6C13FE19-216D-53F9-57C4-1D2BE3E6AC5B</generatorID>
<ownerDesignName>Retail Solari SA</ownerDesignName>
<useDomainConstraints>false</useDomainConstraints>
<use>1</use>
<logicalDatatype>LOGDT019</logicalDatatype>
<dataTypePrecision>10</dataTypePrecision>
<ownDataTypeParameters>,10,</ownDataTypeParameters>
<autoIncrementCycle>false</autoIncrementCycle>
</Column>
<Column name="PROVEEDOR_PROVEEDOR_ID" id="5FEAB17A-9A00-A172-7636-6AEBFEEAE44D">
<createdBy>cristinalagosgonzalez</createdBy>
<createdTime>2026-02-05 14:24:19 UTC</createdTime>
<ownerDesignName>Retail Solari SA</ownerDesignName>
<useDomainConstraints>false</useDomainConstraints>
<use>1</use>
<logicalDatatype>LOGDT019</logicalDatatype>
<ownDataTypeParameters>,,</ownDataTypeParameters>
<previousColumn>false</previousColumn>
<autoIncrementCycle>false</autoIncrementCycle>
<associations>
<colAssociation fkAssociation="FA52D041-D1F3-4E89-EFC5-4C65297AC3F7" referredColumn="4567906D-D3B2-D1C3-FF72-92BCB2FC8042"/>
</associations>
</Column>
</columns>
<indexes itemClass="oracle.dbtools.crest.model.design.relational.Index">
<ind_PK_UK id="F6DAE2B7-8C6B-2C96-0AF1-EE362FB9C54E" name="TELEFONO_PROVEEDOR_FK">
<createdBy>cristinalagosgonzalez</createdBy>
<createdTime>2026-02-05 14:24:19 UTC</createdTime>
<generatorID>E3769FC0-124F-F883-234C-60BAC825FDFF</generatorID>
<ownerDesignName>Retail Solari SA</ownerDesignName>
<indexState>Foreign Key</indexState>
<isSurrogateKey>false</isSurrogateKey>
<indexColumnUsage>
<colUsage columnID="5FEAB17A-9A00-A172-7636-6AEBFEEAE44D"/>
</indexColumnUsage>
</ind_PK_UK>
</indexes>
</Table>
