<?xml version = '1.0' encoding = 'UTF-8'?>
<Table class="oracle.dbtools.crest.model.design.relational.Table" directorySegmentName="seg_0" id="4F6BA5D6-C67E-B1BF-A81C-1D78D2026FF9" name="MODELO">
<createdBy>cristinalagosgonzalez</createdBy>
<createdTime>2026-02-05 14:24:19 UTC</createdTime>
<generatorID>B685D442-E809-846E-B08E-99B55286C7DF</generatorID>
<ownerDesignName>Retail Solari SA</ownerDesignName>
<allowColumnReorder>false</allowColumnReorder>
<existDependencyGenerateInDDl>true</existDependencyGenerateInDDl>
<parsed>true</parsed>
<columns itemClass="oracle.dbtools.crest.model.design.relational.Column">
<Column name="ID_Modelo" id="B96664BB-BB0E-C23E-8387-0E89B9A7B6A9">
<createdBy>cristinalagosgonzalez</createdBy>
<createdTime>2026-02-05 14:24:19 UTC</createdTime>
<generatorID>ED1BC6AC-3FDA-0BE0-D3C9-41D8827B6D00</generatorID>
<ownerDesignName>Retail Solari SA</ownerDesignName>
<useDomainConstraints>false</useDomainConstraints>
<use>1</use>
<logicalDatatype>LOGDT024</logicalDatatype>
<dataTypeSize>10</dataTypeSize>
<ownDataTypeParameters>10,,</ownDataTypeParameters>
<autoIncrementCycle>false</autoIncrementCycle>
</Column>
<Column name="Nombre_Modelo" id="9A71BA2C-217F-16AD-39B7-0B35650F79BF">
<createdBy>cristinalagosgonzalez</createdBy>
<createdTime>2026-02-05 14:24:19 UTC</createdTime>
<generatorID>B264EF42-97B5-98AB-B332-CDC1668C693E</generatorID>
<ownerDesignName>Retail Solari SA</ownerDesignName>
<useDomainConstraints>false</useDomainConstraints>
<use>1</use>
<logicalDatatype>LOGDT024</logicalDatatype>
<dataTypeSize>20</dataTypeSize>
<ownDataTypeParameters>20,,</ownDataTypeParameters>
<autoIncrementCycle>false</autoIncrementCycle>
</Column>
<Column name="Descripcion_Modelo" id="34736767-F0ED-B255-D243-31A55BE81F29">
<createdBy>cristinalagosgonzalez</createdBy>
<createdTime>2026-02-05 14:24:19 UTC</createdTime>
<generatorID>F433B0DF-F95E-84D6-2691-0A27107ADE37</generatorID>
<ownerDesignName>Retail Solari SA</ownerDesignName>
<nullsAllowed>true</nullsAllowed>
<useDomainConstraints>false</useDomainConstraints>
<use>1</use>
<logicalDatatype>LOGDT024</logicalDatatype>
<dataTypeSize>50</dataTypeSize>
<ownDataTypeParameters>50,,</ownDataTypeParameters>
<autoIncrementCycle>false</autoIncrementCycle>
</Column>
<Column name="PRODUCTO_ID_Producto" id="9EAEE986-C609-B1D6-0920-A3015C58B264">
<createdBy>cristinalagosgonzalez</createdBy>
<createdTime>2026-02-05 14:24:19 UTC</createdTime>
<generatorID>7D4E17E0-D544-9210-B2BF-5951F8586256</generatorID>
<ownerDesignName>Retail Solari SA</ownerDesignName>
<useDomainConstraints>false</useDomainConstraints>
<use>1</use>
<logicalDatatype>LOGDT024</logicalDatatype>
<dataTypeSize>10</dataTypeSize>
<ownDataTypeParameters>10,,</ownDataTypeParameters>
<previousColumn>false</previousColumn>
<autoIncrementCycle>false</autoIncrementCycle>
<associations>
<colAssociation fkAssociation="15740EFA-425C-76CC-9C87-98CEF8AD355B" referredColumn="46FD6FE4-0D91-9E8F-A29F-A0B0E68F5BE0"/>
</associations>
</Column>
<Column name="MARCA_ID_Marca" id="9835A476-F55E-FABF-FC4D-9E74EA07F2A0">
<createdBy>cristinalagosgonzalez</createdBy>
<createdTime>2026-02-05 14:24:19 UTC</createdTime>
<generatorID>B21F382E-1821-3FE5-764B-F2176538B184</generatorID>
<ownerDesignName>Retail Solari SA</ownerDesignName>
<useDomainConstraints>false</useDomainConstraints>
<use>1</use>
<logicalDatatype>LOGDT024</logicalDatatype>
<dataTypeSize>10</dataTypeSize>
<ownDataTypeParameters>10,,</ownDataTypeParameters>
<previousColumn>false</previousColumn>
<autoIncrementCycle>false</autoIncrementCycle>
<associations>
<colAssociation fkAssociation="8AD677AA-FA0D-A15F-3471-D6E214E8E1A7" referredColumn="19E39D7C-57F4-4090-66A9-9FDBD5B8BC23"/>
</associations>
</Column>
<Column name="PRODUCTO_SUCURSAL_ID_Sucursal" id="7661462F-94B9-6E1E-BEA7-90BB15AA0630">
<createdBy>cristinalagosgonzalez</createdBy>
<createdTime>2026-02-05 14:24:19 UTC</createdTime>
<generatorID>D3B0159B-AD94-9EFB-6B50-D81E4CE1C84C</generatorID>
<ownerDesignName>Retail Solari SA</ownerDesignName>
<useDomainConstraints>false</useDomainConstraints>
<use>1</use>
<logicalDatatype>LOGDT024</logicalDatatype>
<dataTypeSize>10</dataTypeSize>
<ownDataTypeParameters>10,,</ownDataTypeParameters>
<previousColumn>false</previousColumn>
<autoIncrementCycle>false</autoIncrementCycle>
<associations>
<colAssociation fkAssociation="15740EFA-425C-76CC-9C87-98CEF8AD355B" referredColumn="0D2FAF6C-E1C2-0015-9C90-0E226F8654F1"/>
</associations>
</Column>
</columns>
<indexes itemClass="oracle.dbtools.crest.model.design.relational.Index">
<ind_PK_UK id="0522F129-AC2D-CBB8-125B-FC9B407A3F92" name="MODELO_PK">
<createdBy>cristinalagosgonzalez</createdBy>
<createdTime>2026-02-05 14:24:19 UTC</createdTime>
<generatorID>27CD9FB8-47E4-0977-1CDF-3960AAA23EAE</generatorID>
<ownerDesignName>Retail Solari SA</ownerDesignName>
<pk>true</pk>
<indexState>Primary Constraint</indexState>
<isSurrogateKey>false</isSurrogateKey>
<indexColumnUsage>
<colUsage columnID="B96664BB-BB0E-C23E-8387-0E89B9A7B6A9"/>
</indexColumnUsage>
</ind_PK_UK>
<ind_PK_UK id="C0B47529-E219-EC95-67E1-0F8997D6545A" name="MODELO_MARCA_FK">
<createdBy>cristinalagosgonzalez</createdBy>
<createdTime>2026-02-05 14:24:19 UTC</createdTime>
<generatorID>863AA10B-0FF0-A1A5-09DC-1A7B9D2DFCA7</generatorID>
<ownerDesignName>Retail Solari SA</ownerDesignName>
<indexState>Foreign Key</indexState>
<isSurrogateKey>false</isSurrogateKey>
<indexColumnUsage>
<colUsage columnID="9835A476-F55E-FABF-FC4D-9E74EA07F2A0"/>
</indexColumnUsage>
</ind_PK_UK>
<ind_PK_UK id="5760DE7C-60C0-46A8-78D6-080DF146EDC2" name="MODELO_PRODUCTO_FK">
<createdBy>cristinalagosgonzalez</createdBy>
<createdTime>2026-02-05 14:24:19 UTC</createdTime>
<generatorID>D864DCD2-1D6D-0A9C-70C1-DE87EC7F836A</generatorID>
<ownerDesignName>Retail Solari SA</ownerDesignName>
<indexState>Foreign Key</indexState>
<isSurrogateKey>false</isSurrogateKey>
<indexColumnUsage>
<colUsage columnID="9EAEE986-C609-B1D6-0920-A3015C58B264"/>
<colUsage columnID="7661462F-94B9-6E1E-BEA7-90BB15AA0630"/>
</indexColumnUsage>
</ind_PK_UK>
</indexes>
</Table>
