<?xml version = '1.0' encoding = 'UTF-8'?>
<Table class="oracle.dbtools.crest.model.design.relational.Table" directorySegmentName="seg_0" id="571400D5-35F2-5B1E-B4D9-21C806F0EF7F" name="REGION">
<createdBy>cristinalagosgonzalez</createdBy>
<createdTime>2026-02-05 14:24:19 UTC</createdTime>
<generatorID>FB8EC01B-9B2B-84E6-301B-2B3179B7D78D</generatorID>
<ownerDesignName>Retail Solari SA</ownerDesignName>
<allowColumnReorder>false</allowColumnReorder>
<existDependencyGenerateInDDl>true</existDependencyGenerateInDDl>
<parsed>true</parsed>
<columns itemClass="oracle.dbtools.crest.model.design.relational.Column">
<Column name="ID_Region" id="C9E3C38E-753E-D5E1-432A-547022DEFD9E">
<createdBy>cristinalagosgonzalez</createdBy>
<createdTime>2026-02-05 14:24:19 UTC</createdTime>
<generatorID>FC6AB40C-AC44-B7F6-FF23-D2F55EA338F5</generatorID>
<ownerDesignName>Retail Solari SA</ownerDesignName>
<useDomainConstraints>false</useDomainConstraints>
<use>1</use>
<logicalDatatype>LOGDT024</logicalDatatype>
<dataTypeSize>20</dataTypeSize>
<ownDataTypeParameters>20,,</ownDataTypeParameters>
<autoIncrementCycle>false</autoIncrementCycle>
</Column>
<Column name="Nombre_Region" id="03F9DFE1-ED49-B134-07DC-2DDE559415CF">
<createdBy>cristinalagosgonzalez</createdBy>
<createdTime>2026-02-05 14:24:19 UTC</createdTime>
<generatorID>D76AEFFF-9DC4-890D-2F00-F591B0B442D3</generatorID>
<ownerDesignName>Retail Solari SA</ownerDesignName>
<useDomainConstraints>false</useDomainConstraints>
<use>1</use>
<logicalDatatype>LOGDT024</logicalDatatype>
<dataTypeSize>20</dataTypeSize>
<ownDataTypeParameters>20,,</ownDataTypeParameters>
<autoIncrementCycle>false</autoIncrementCycle>
</Column>
</columns>
<indexes itemClass="oracle.dbtools.crest.model.design.relational.Index">
<ind_PK_UK id="D138DB1E-22E5-AB80-06B8-272ED330D5E1" name="REGION_PK">
<createdBy>cristinalagosgonzalez</createdBy>
<createdTime>2026-02-05 14:24:19 UTC</createdTime>
<generatorID>93860496-E2F2-4593-C5D4-4983F3E78A9D</generatorID>
<ownerDesignName>Retail Solari SA</ownerDesignName>
<pk>true</pk>
<indexState>Primary Constraint</indexState>
<isSurrogateKey>false</isSurrogateKey>
<indexColumnUsage>
<colUsage columnID="C9E3C38E-753E-D5E1-432A-547022DEFD9E"/>
</indexColumnUsage>
</ind_PK_UK>
</indexes>
</Table>
