<?xml version = '1.0' encoding = 'UTF-8'?>
<Table class="oracle.dbtools.crest.model.design.relational.Table" directorySegmentName="seg_0" id="79DF1C01-42AB-C903-B86D-28C688A35B5E" name="PRODUCTO">
<createdBy>cristinalagosgonzalez</createdBy>
<createdTime>2026-02-05 14:24:19 UTC</createdTime>
<generatorID>7E6E03F3-5654-F848-EF45-BB9EA744B13B</generatorID>
<ownerDesignName>Retail Solari SA</ownerDesignName>
<allowColumnReorder>false</allowColumnReorder>
<existDependencyGenerateInDDl>true</existDependencyGenerateInDDl>
<parsed>true</parsed>
<columns itemClass="oracle.dbtools.crest.model.design.relational.Column">
<Column name="ID_Producto" id="46FD6FE4-0D91-9E8F-A29F-A0B0E68F5BE0">
<createdBy>cristinalagosgonzalez</createdBy>
<createdTime>2026-02-05 14:24:19 UTC</createdTime>
<generatorID>430F8C14-E367-124A-6B2F-0DABDF411A5F</generatorID>
<ownerDesignName>Retail Solari SA</ownerDesignName>
<useDomainConstraints>false</useDomainConstraints>
<use>1</use>
<logicalDatatype>LOGDT024</logicalDatatype>
<dataTypeSize>5</dataTypeSize>
<ownDataTypeParameters>5,,</ownDataTypeParameters>
<autoIncrementCycle>false</autoIncrementCycle>
</Column>
<Column name="Nombre_Producto" id="194EA9CA-8F7D-D608-26B4-DDDEF826702E">
<createdBy>cristinalagosgonzalez</createdBy>
<createdTime>2026-02-05 14:24:19 UTC</createdTime>
<generatorID>DE91168A-D7F0-6BC9-8175-C84399079757</generatorID>
<ownerDesignName>Retail Solari SA</ownerDesignName>
<useDomainConstraints>false</useDomainConstraints>
<use>1</use>
<logicalDatatype>LOGDT024</logicalDatatype>
<dataTypeSize>20</dataTypeSize>
<ownDataTypeParameters>20,,</ownDataTypeParameters>
<autoIncrementCycle>false</autoIncrementCycle>
</Column>
<Column name="Categoria_Producto" id="6A34DD22-0705-7792-02AB-15EC2E7E702B">
<createdBy>cristinalagosgonzalez</createdBy>
<createdTime>2026-02-05 14:24:19 UTC</createdTime>
<generatorID>D13C215C-6D4A-5CE5-3113-7A34822E26E9</generatorID>
<ownerDesignName>Retail Solari SA</ownerDesignName>
<useDomainConstraints>false</useDomainConstraints>
<use>1</use>
<logicalDatatype>LOGDT024</logicalDatatype>
<dataTypeSize>20</dataTypeSize>
<ownDataTypeParameters>20,,</ownDataTypeParameters>
<autoIncrementCycle>false</autoIncrementCycle>
</Column>
<Column name="Descripcion_Producto" id="630A0105-6F9F-47E5-3ADD-462C05ED3A93">
<createdBy>cristinalagosgonzalez</createdBy>
<createdTime>2026-02-05 14:24:19 UTC</createdTime>
<generatorID>89A728C5-9599-C872-3B9F-DFD75EDF7A26</generatorID>
<ownerDesignName>Retail Solari SA</ownerDesignName>
<nullsAllowed>true</nullsAllowed>
<useDomainConstraints>false</useDomainConstraints>
<use>1</use>
<logicalDatatype>LOGDT024</logicalDatatype>
<dataTypeSize>50</dataTypeSize>
<ownDataTypeParameters>50,,</ownDataTypeParameters>
<autoIncrementCycle>false</autoIncrementCycle>
</Column>
<Column name="Marca_Producto" id="F2AA51B0-4DD9-73F1-70B3-EB0DB88CE610">
<createdBy>cristinalagosgonzalez</createdBy>
<createdTime>2026-02-05 14:24:19 UTC</createdTime>
<generatorID>0E37AFB9-EDD8-1AFF-8568-3944CB360AEC</generatorID>
<ownerDesignName>Retail Solari SA</ownerDesignName>
<useDomainConstraints>false</useDomainConstraints>
<use>1</use>
<logicalDatatype>LOGDT024</logicalDatatype>
<dataTypeSize>20</dataTypeSize>
<ownDataTypeParameters>20,,</ownDataTypeParameters>
<autoIncrementCycle>false</autoIncrementCycle>
</Column>
<Column name="Valor_Producto" id="0E73E49E-FAF8-6E41-1CE1-A178B5B52690">
<createdBy>cristinalagosgonzalez</createdBy>
<createdTime>2026-02-05 14:24:19 UTC</createdTime>
<generatorID>AA7ED5C9-7029-573F-CE7E-8BB1A41479E0</generatorID>
<ownerDesignName>Retail Solari SA</ownerDesignName>
<useDomainConstraints>false</useDomainConstraints>
<use>1</use>
<logicalDatatype>LOGDT043</logicalDatatype>
<ownDataTypeParameters>,,</ownDataTypeParameters>
<autoIncrementCycle>false</autoIncrementCycle>
</Column>
<Column name="Fecha_Vencimiento" id="A10DB00C-7C37-5208-AB05-41BDD47C4FD5">
<createdBy>cristinalagosgonzalez</createdBy>
<createdTime>2026-02-05 14:24:19 UTC</createdTime>
<generatorID>6E82F722-41DB-1E12-9FCF-30889B37D565</generatorID>
<ownerDesignName>Retail Solari SA</ownerDesignName>
<useDomainConstraints>false</useDomainConstraints>
<use>1</use>
<logicalDatatype>LOGDT007</logicalDatatype>
<ownDataTypeParameters>,,</ownDataTypeParameters>
<autoIncrementCycle>false</autoIncrementCycle>
</Column>
<Column name="CLIENTE_ID_Cliente" id="49802677-9260-5769-931B-2DBFE0E1A5F3">
<createdBy>cristinalagosgonzalez</createdBy>
<createdTime>2026-02-05 14:24:19 UTC</createdTime>
<generatorID>E6FF82B1-E363-7232-032D-49ED0369140C</generatorID>
<ownerDesignName>Retail Solari SA</ownerDesignName>
<useDomainConstraints>false</useDomainConstraints>
<use>1</use>
<logicalDatatype>LOGDT024</logicalDatatype>
<dataTypeSize>10</dataTypeSize>
<ownDataTypeParameters>10,,</ownDataTypeParameters>
<previousColumn>false</previousColumn>
<autoIncrementCycle>false</autoIncrementCycle>
<associations>
<colAssociation fkAssociation="2FC7604D-ECA8-9C50-3C6A-25945666CF59" referredColumn="D1A1B00A-31BF-6784-DD94-8F9300BB3EC7"/>
</associations>
</Column>
<Column name="SUCURSAL_ID_Sucursal" id="0D2FAF6C-E1C2-0015-9C90-0E226F8654F1">
<createdBy>cristinalagosgonzalez</createdBy>
<createdTime>2026-02-05 14:24:19 UTC</createdTime>
<generatorID>6B560979-5804-3AD0-D709-8C6C1C3654A5</generatorID>
<ownerDesignName>Retail Solari SA</ownerDesignName>
<useDomainConstraints>false</useDomainConstraints>
<use>1</use>
<logicalDatatype>LOGDT024</logicalDatatype>
<dataTypeSize>5</dataTypeSize>
<ownDataTypeParameters>5,,</ownDataTypeParameters>
<previousColumn>false</previousColumn>
<autoIncrementCycle>false</autoIncrementCycle>
<associations>
<colAssociation fkAssociation="3A842B82-FC2A-88B6-AC78-AB536D6D6141" referredColumn="C8F77044-ED9D-C63F-F051-215B2FB5C246"/>
</associations>
</Column>
<Column name="Cantidad" id="CF47EA93-522E-77BE-F6EC-03E6CA20E05C">
<createdBy>cristinalagosgonzalez</createdBy>
<createdTime>2026-02-05 14:24:19 UTC</createdTime>
<generatorID>29B9528C-AA47-7CF7-20AA-4E4ABDB37F24</generatorID>
<ownerDesignName>Retail Solari SA</ownerDesignName>
<useDomainConstraints>false</useDomainConstraints>
<use>1</use>
<logicalDatatype>LOGDT019</logicalDatatype>
<dataTypePrecision>1000</dataTypePrecision>
<dataTypeScale>0</dataTypeScale>
<ownDataTypeParameters>,1000,0</ownDataTypeParameters>
<autoIncrementCycle>false</autoIncrementCycle>
<isRelationshipColumn>true</isRelationshipColumn>
<dependOnForeignKeyID>2FC7604D-ECA8-9C50-3C6A-25945666CF59</dependOnForeignKeyID>
<isDependOnFK_AsMandatory>true</isDependOnFK_AsMandatory>
</Column>
<Column name="PROVEEDOR_PROVEEDOR_ID" id="C15B1573-2D45-FACD-1E74-3DBB4FD04025">
<createdBy>cristinalagosgonzalez</createdBy>
<createdTime>2026-02-05 14:24:19 UTC</createdTime>
<ownerDesignName>Retail Solari SA</ownerDesignName>
<useDomainConstraints>false</useDomainConstraints>
<use>1</use>
<logicalDatatype>LOGDT019</logicalDatatype>
<ownDataTypeParameters>,,</ownDataTypeParameters>
<previousColumn>false</previousColumn>
<autoIncrementCycle>false</autoIncrementCycle>
<associations>
<colAssociation fkAssociation="24584527-0BE2-8076-1909-72B3C90D786A" referredColumn="4567906D-D3B2-D1C3-FF72-92BCB2FC8042"/>
</associations>
</Column>
</columns>
<indexes itemClass="oracle.dbtools.crest.model.design.relational.Index">
<ind_PK_UK id="867480B0-CC21-C744-16B9-D4A5E87FF91F" name="PRODUCTO_PK">
<createdBy>cristinalagosgonzalez</createdBy>
<createdTime>2026-02-05 14:24:19 UTC</createdTime>
<generatorID>D17F9D93-F24E-ED0A-F991-117F1A1BF700</generatorID>
<ownerDesignName>Retail Solari SA</ownerDesignName>
<pk>true</pk>
<indexState>Primary Constraint</indexState>
<isSurrogateKey>false</isSurrogateKey>
<indexColumnUsage>
<colUsage columnID="46FD6FE4-0D91-9E8F-A29F-A0B0E68F5BE0"/>
<colUsage columnID="0D2FAF6C-E1C2-0015-9C90-0E226F8654F1"/>
</indexColumnUsage>
</ind_PK_UK>
<ind_PK_UK id="CE991115-2FC2-D80B-4DC8-844A4D37391A" name="PRODUCTO_CLIENTE_FK">
<createdBy>cristinalagosgonzalez</createdBy>
<createdTime>2026-02-05 14:24:19 UTC</createdTime>
<generatorID>4D915C54-C3CB-446E-91BD-F50EFDB8F43F</generatorID>
<ownerDesignName>Retail Solari SA</ownerDesignName>
<indexState>Foreign Key</indexState>
<isSurrogateKey>false</isSurrogateKey>
<indexColumnUsage>
<colUsage columnID="49802677-9260-5769-931B-2DBFE0E1A5F3"/>
</indexColumnUsage>
</ind_PK_UK>
<ind_PK_UK id="09DB2F2C-A870-205C-CF38-29FD0895804E" name="PRODUCTO_PROVEEDOR_FK">
<createdBy>cristinalagosgonzalez</createdBy>
<createdTime>2026-02-05 14:24:19 UTC</createdTime>
<generatorID>13F67FA2-A0F7-9378-F386-C7BE03CC8B58</generatorID>
<ownerDesignName>Retail Solari SA</ownerDesignName>
<indexState>Foreign Key</indexState>
<isSurrogateKey>false</isSurrogateKey>
<indexColumnUsage>
<colUsage columnID="C15B1573-2D45-FACD-1E74-3DBB4FD04025"/>
</indexColumnUsage>
</ind_PK_UK>
<ind_PK_UK id="48D6E306-CDB9-A690-16B4-D4A57CA5CD0E" name="PRODUCTO_SUCURSAL_FK">
<createdBy>cristinalagosgonzalez</createdBy>
<createdTime>2026-02-05 14:24:19 UTC</createdTime>
<generatorID>D66DBDC7-033D-0A4A-4ED1-B98F587E4D07</generatorID>
<ownerDesignName>Retail Solari SA</ownerDesignName>
<indexState>Foreign Key</indexState>
<isSurrogateKey>false</isSurrogateKey>
<indexColumnUsage>
<colUsage columnID="0D2FAF6C-E1C2-0015-9C90-0E226F8654F1"/>
</indexColumnUsage>
</ind_PK_UK>
</indexes>
</Table>
