<?xml version = '1.0' encoding = 'UTF-8'?>
<Table class="oracle.dbtools.crest.model.design.relational.Table" directorySegmentName="seg_0" id="7B6AF129-52B4-37B1-C821-46B108D413E4" name="PERSONA_NATURAL">
<createdBy>cristinalagosgonzalez</createdBy>
<createdTime>2026-02-05 14:24:19 UTC</createdTime>
<generatorID>1C43D4B7-3EF2-0AE3-3D6C-F1A1086BB80F</generatorID>
<ownerDesignName>Retail Solari SA</ownerDesignName>
<allowColumnReorder>false</allowColumnReorder>
<existDependencyGenerateInDDl>true</existDependencyGenerateInDDl>
<parsed>true</parsed>
<columns itemClass="oracle.dbtools.crest.model.design.relational.Column">
<Column name="PROVEEDOR_PROVEEDOR_ID" id="57ACFA61-D40A-FCF1-10E6-02D9B1783A50">
<createdBy>cristinalagosgonzalez</createdBy>
<createdTime>2026-02-05 14:24:19 UTC</createdTime>
<ownerDesignName>Retail Solari SA</ownerDesignName>
<useDomainConstraints>false</useDomainConstraints>
<use>1</use>
<logicalDatatype>LOGDT019</logicalDatatype>
<ownDataTypeParameters>,,</ownDataTypeParameters>
<previousColumn>false</previousColumn>
<autoIncrementCycle>false</autoIncrementCycle>
<associations>
<colAssociation fkAssociation="E9D130C0-49D7-C4A6-2C93-5D61747855D5" referredColumn="4567906D-D3B2-D1C3-FF72-92BCB2FC8042"/>
</associations>
</Column>
<Column name="Primer_Nombre" id="D8AF97F7-0BE1-914D-F44D-F37D4B221EE9">
<createdBy>cristinalagosgonzalez</createdBy>
<createdTime>2026-02-05 14:24:19 UTC</createdTime>
<generatorID>2E4B8AFD-19E9-8D02-E24B-D7BA91774100</generatorID>
<ownerDesignName>Retail Solari SA</ownerDesignName>
<useDomainConstraints>false</useDomainConstraints>
<use>1</use>
<logicalDatatype>LOGDT024</logicalDatatype>
<dataTypeSize>20</dataTypeSize>
<ownDataTypeParameters>20,,</ownDataTypeParameters>
<autoIncrementCycle>false</autoIncrementCycle>
</Column>
<Column name="Apellido_Paterno" id="A46D4B95-0F59-C3BB-E711-E52EA678B4CF">
<createdBy>cristinalagosgonzalez</createdBy>
<createdTime>2026-02-05 14:24:19 UTC</createdTime>
<generatorID>019A4EF4-1D1A-22A9-EA40-89B946F82B7D</generatorID>
<ownerDesignName>Retail Solari SA</ownerDesignName>
<useDomainConstraints>false</useDomainConstraints>
<use>1</use>
<logicalDatatype>LOGDT024</logicalDatatype>
<dataTypeSize>20</dataTypeSize>
<ownDataTypeParameters>20,,</ownDataTypeParameters>
<autoIncrementCycle>false</autoIncrementCycle>
</Column>
<Column name="Rut" id="B31F6C1A-EC57-899B-90CF-BB2F9CB5660C">
<createdBy>cristinalagosgonzalez</createdBy>
<createdTime>2026-02-05 14:24:19 UTC</createdTime>
<generatorID>DA968E08-C176-C5BC-6B63-F1D4E1F00BAF</generatorID>
<ownerDesignName>Retail Solari SA</ownerDesignName>
<useDomainConstraints>false</useDomainConstraints>
<use>1</use>
<logicalDatatype>LOGDT024</logicalDatatype>
<dataTypeSize>9</dataTypeSize>
<ownDataTypeParameters>9,,</ownDataTypeParameters>
<autoIncrementCycle>false</autoIncrementCycle>
</Column>
<Column name="Digito_Verificador" id="193CBC55-E15F-39D0-2325-E51B7F3589EE">
<createdBy>cristinalagosgonzalez</createdBy>
<createdTime>2026-02-05 14:24:19 UTC</createdTime>
<generatorID>30D32117-C9A9-1961-45C5-721D9B16C838</generatorID>
<ownerDesignName>Retail Solari SA</ownerDesignName>
<useDomainConstraints>false</useDomainConstraints>
<use>1</use>
<logicalDatatype>LOGDT025</logicalDatatype>
<dataTypeSize>1</dataTypeSize>
<ownDataTypeParameters>1,,</ownDataTypeParameters>
<autoIncrementCycle>false</autoIncrementCycle>
</Column>
</columns>
<indexes itemClass="oracle.dbtools.crest.model.design.relational.Index">
<ind_PK_UK id="4B3D1C0A-D74F-5CC6-E649-F45153FA24A6" name="PERSONA_NATURAL_PK">
<createdBy>cristinalagosgonzalez</createdBy>
<createdTime>2026-02-05 14:24:19 UTC</createdTime>
<ownerDesignName>Retail Solari SA</ownerDesignName>
<pk>true</pk>
<indexState>Primary Constraint</indexState>
<indexColumnUsage>
<colUsage columnID="57ACFA61-D40A-FCF1-10E6-02D9B1783A50"/>
</indexColumnUsage>
</ind_PK_UK>
<ind_PK_UK id="C41FC57C-297F-708F-1D08-3AE4C9B86FA6" name="PERSONA_NATURAL_Rut_UN">
<createdBy>cristinalagosgonzalez</createdBy>
<createdTime>2026-02-05 14:24:19 UTC</createdTime>
<generatorID>A31D1103-3FCE-EABA-9EEE-D27C218F93D5</generatorID>
<ownerDesignName>Retail Solari SA</ownerDesignName>
<indexState>Unique Constraint</indexState>
<isSurrogateKey>false</isSurrogateKey>
<indexColumnUsage>
<colUsage columnID="B31F6C1A-EC57-899B-90CF-BB2F9CB5660C"/>
</indexColumnUsage>
</ind_PK_UK>
<ind_PK_UK id="FA19716C-50B4-C859-F831-E546534733F7" name="PERSONA_NATURAL_PROVEEDOR_FK">
<createdBy>cristinalagosgonzalez</createdBy>
<createdTime>2026-02-05 14:24:19 UTC</createdTime>
<generatorID>32E42A97-EFE7-FDA2-B336-0740460EA2F3</generatorID>
<ownerDesignName>Retail Solari SA</ownerDesignName>
<indexState>Foreign Key</indexState>
<isSurrogateKey>false</isSurrogateKey>
<indexColumnUsage>
<colUsage columnID="57ACFA61-D40A-FCF1-10E6-02D9B1783A50"/>
</indexColumnUsage>
</ind_PK_UK>
</indexes>
</Table>
