<?xml version = '1.0' encoding = 'UTF-8'?>
<Table class="oracle.dbtools.crest.model.design.relational.Table" directorySegmentName="seg_0" id="90E9AD79-88D4-40B2-86AF-ABDA91052135" name="PROVEEDOR">
<createdBy>cristinalagosgonzalez</createdBy>
<createdTime>2026-02-05 14:24:19 UTC</createdTime>
<generatorID>2879BEFC-941B-4CB5-DBE6-9649E01999E6</generatorID>
<ownerDesignName>Retail Solari SA</ownerDesignName>
<allowColumnReorder>false</allowColumnReorder>
<existDependencyGenerateInDDl>true</existDependencyGenerateInDDl>
<parsed>true</parsed>
<columns itemClass="oracle.dbtools.crest.model.design.relational.Column">
<Column name="PROVEEDOR_ID" id="4567906D-D3B2-D1C3-FF72-92BCB2FC8042">
<createdBy>cristinalagosgonzalez</createdBy>
<createdTime>2026-02-05 14:24:19 UTC</createdTime>
<ownerDesignName>Retail Solari SA</ownerDesignName>
<useDomainConstraints>false</useDomainConstraints>
<use>1</use>
<logicalDatatype>LOGDT019</logicalDatatype>
<ownDataTypeParameters>,,</ownDataTypeParameters>
<autoIncrementColumn>true</autoIncrementColumn>
<identityColumn>true</identityColumn>
<autoIncrementCycle>false</autoIncrementCycle>
<isSurrogateColumn>true</isSurrogateColumn>
</Column>
<Column name="Calle_Direccion" id="546A17EC-7782-1498-0368-AF17BD45C62A">
<createdBy>cristinalagosgonzalez</createdBy>
<createdTime>2026-02-05 14:24:19 UTC</createdTime>
<generatorID>94485004-DC92-6112-5786-ABFC2D360ABE</generatorID>
<ownerDesignName>Retail Solari SA</ownerDesignName>
<useDomainConstraints>false</useDomainConstraints>
<use>1</use>
<logicalDatatype>LOGDT024</logicalDatatype>
<dataTypeSize>50</dataTypeSize>
<ownDataTypeParameters>50,,</ownDataTypeParameters>
<autoIncrementCycle>false</autoIncrementCycle>
</Column>
<Column name="Codigo_Postal" id="2AB19EA6-2FB8-0E48-D507-F64D87188A7B">
<createdBy>cristinalagosgonzalez</createdBy>
<createdTime>2026-02-05 14:24:19 UTC</createdTime>
<generatorID>FA30B4D8-D892-5996-C6F3-DA603EE28657</generatorID>
<ownerDesignName>Retail Solari SA</ownerDesignName>
<useDomainConstraints>false</useDomainConstraints>
<use>1</use>
<logicalDatatype>LOGDT024</logicalDatatype>
<dataTypeSize>10</dataTypeSize>
<ownDataTypeParameters>10,,</ownDataTypeParameters>
<autoIncrementCycle>false</autoIncrementCycle>
</Column>
<Column name="Tipo_Proveedor" id="03A689C4-5B4A-74C0-1F44-18B41E36D8C9">
<createdBy>cristinalagosgonzalez</createdBy>
<createdTime>2026-02-05 14:24:19 UTC</createdTime>
<generatorID>6C622DDA-0187-2205-F91A-1623F30483D6</generatorID>
<ownerDesignName>Retail Solari SA</ownerDesignName>
<useDomainConstraints>false</useDomainConstraints>
<use>1</use>
<logicalDatatype>LOGDT024</logicalDatatype>
<dataTypeSize>20</dataTypeSize>
<ownDataTypeParameters>20,,</ownDataTypeParameters>
<autoIncrementCycle>false</autoIncrementCycle>
</Column>
<Column name="COMUNA_ID_Comuna" id="89331499-343A-EDDD-F208-E5FE65ECFDA9">
<createdBy>cristinalagosgonzalez</createdBy>
<createdTime>2026-02-05 14:24:19 UTC</createdTime>
<generatorID>46EF146C-7EF4-EA3C-35A4-869B449A90A3</generatorID>
<ownerDesignName>Retail Solari SA</ownerDesignName>
<useDomainConstraints>false</useDomainConstraints>
<use>1</use>
<logicalDatatype>LOGDT024</logicalDatatype>
<dataTypeSize>5</dataTypeSize>
<ownDataTypeParameters>5,,</ownDataTypeParameters>
<previousColumn>false</previousColumn>
<autoIncrementCycle>false</autoIncrementCycle>
<associations>
<colAssociation fkAssociation="3F9876F2-9684-E3A0-84EA-7B1FB6BF81EB" referredColumn="E4AC41D3-30BA-9283-438C-D1BF003CAF26"/>
</associations>
</Column>
<Column name="COMUNA_REGION_ID_Region" id="F5E03A6C-E12A-B7D8-8281-D96622BE8082">
<createdBy>cristinalagosgonzalez</createdBy>
<createdTime>2026-02-05 14:24:19 UTC</createdTime>
<generatorID>29AE7EE7-F682-E864-4D77-420AE67ACF7F</generatorID>
<ownerDesignName>Retail Solari SA</ownerDesignName>
<useDomainConstraints>false</useDomainConstraints>
<use>1</use>
<logicalDatatype>LOGDT024</logicalDatatype>
<dataTypeSize>10</dataTypeSize>
<ownDataTypeParameters>10,,</ownDataTypeParameters>
<previousColumn>false</previousColumn>
<autoIncrementCycle>false</autoIncrementCycle>
<associations>
<colAssociation fkAssociation="3F9876F2-9684-E3A0-84EA-7B1FB6BF81EB" referredColumn="9E95A100-A873-090F-3513-FE4A4C256D1C"/>
</associations>
</Column>
</columns>
<indexes itemClass="oracle.dbtools.crest.model.design.relational.Index">
<ind_PK_UK id="3539558F-2F0B-E0DC-C2FA-ACE55F724D8B" name="PROVEEDOR_PK">
<createdBy>cristinalagosgonzalez</createdBy>
<createdTime>2026-02-05 14:24:19 UTC</createdTime>
<ownerDesignName>Retail Solari SA</ownerDesignName>
<pk>true</pk>
<indexState>Primary Constraint</indexState>
<indexColumnUsage>
<colUsage columnID="4567906D-D3B2-D1C3-FF72-92BCB2FC8042"/>
</indexColumnUsage>
</ind_PK_UK>
<ind_PK_UK id="1EF05801-E651-61E8-C726-980DDD5A52DF" name="PROVEEDOR_COMUNA_FK">
<createdBy>cristinalagosgonzalez</createdBy>
<createdTime>2026-02-05 14:24:19 UTC</createdTime>
<generatorID>BB9ECF0C-6928-CE39-8266-8D259CEF4D6B</generatorID>
<ownerDesignName>Retail Solari SA</ownerDesignName>
<indexState>Foreign Key</indexState>
<isSurrogateKey>false</isSurrogateKey>
<indexColumnUsage>
<colUsage columnID="89331499-343A-EDDD-F208-E5FE65ECFDA9"/>
<colUsage columnID="F5E03A6C-E12A-B7D8-8281-D96622BE8082"/>
</indexColumnUsage>
</ind_PK_UK>
</indexes>
</Table>
