<?xml version = '1.0' encoding = 'UTF-8'?>
<Table class="oracle.dbtools.crest.model.design.relational.Table" directorySegmentName="seg_0" id="991F19DB-08EF-A3DD-9D70-F9AEC1733840" name="DETALLE_BOLETA">
<createdBy>cristinalagosgonzalez</createdBy>
<createdTime>2026-02-05 14:24:19 UTC</createdTime>
<generatorID>527CD9C6-8D8A-DE8F-5CE5-5F1C8A95F1B6</generatorID>
<ownerDesignName>Retail Solari SA</ownerDesignName>
<allowColumnReorder>false</allowColumnReorder>
<existDependencyGenerateInDDl>true</existDependencyGenerateInDDl>
<parsed>true</parsed>
<columns itemClass="oracle.dbtools.crest.model.design.relational.Column">
<Column name="ID_Sucursal" id="D72577CC-6BA1-A779-3F22-261D887AC2AA">
<createdBy>cristinalagosgonzalez</createdBy>
<createdTime>2026-02-05 14:24:19 UTC</createdTime>
<generatorID>177CF6B9-B7AD-1015-01A0-950E4B42D735</generatorID>
<ownerDesignName>Retail Solari SA</ownerDesignName>
<useDomainConstraints>false</useDomainConstraints>
<use>1</use>
<logicalDatatype>LOGDT024</logicalDatatype>
<dataTypeSize>5</dataTypeSize>
<ownDataTypeParameters>5,,</ownDataTypeParameters>
<autoIncrementCycle>false</autoIncrementCycle>
</Column>
<Column name="Fecha_Emision" id="D3C1759A-05CC-D519-AA1C-3F743B2918A6">
<createdBy>cristinalagosgonzalez</createdBy>
<createdTime>2026-02-05 14:24:19 UTC</createdTime>
<generatorID>F2C4AB47-A0B1-EAC7-4501-A0A9343EACC0</generatorID>
<ownerDesignName>Retail Solari SA</ownerDesignName>
<useDomainConstraints>false</useDomainConstraints>
<use>1</use>
<logicalDatatype>LOGDT007</logicalDatatype>
<ownDataTypeParameters>,,</ownDataTypeParameters>
<autoIncrementCycle>false</autoIncrementCycle>
</Column>
<Column name="Cantidad_Productos" id="7C73359A-6376-7F47-966F-B59684B832B1">
<createdBy>cristinalagosgonzalez</createdBy>
<createdTime>2026-02-05 14:24:19 UTC</createdTime>
<generatorID>E49CCE74-9A91-F1E2-E02F-4EC625B125DE</generatorID>
<ownerDesignName>Retail Solari SA</ownerDesignName>
<useDomainConstraints>false</useDomainConstraints>
<use>1</use>
<logicalDatatype>LOGDT019</logicalDatatype>
<dataTypePrecision>1000</dataTypePrecision>
<ownDataTypeParameters>,1000,</ownDataTypeParameters>
<autoIncrementCycle>false</autoIncrementCycle>
</Column>
<Column name="Nombre_Producto" id="1D26F010-29AF-81F5-E544-F725C71DAE02">
<createdBy>cristinalagosgonzalez</createdBy>
<createdTime>2026-02-05 14:24:19 UTC</createdTime>
<generatorID>F45C9450-35F8-915E-5B90-3A50FC3E2CA7</generatorID>
<ownerDesignName>Retail Solari SA</ownerDesignName>
<useDomainConstraints>false</useDomainConstraints>
<use>1</use>
<logicalDatatype>LOGDT024</logicalDatatype>
<dataTypeSize>20</dataTypeSize>
<ownDataTypeParameters>20,,</ownDataTypeParameters>
<autoIncrementCycle>false</autoIncrementCycle>
</Column>
<Column name="Valor_Unitario" id="53818116-8831-0946-DC1C-30CB8734BC8D">
<createdBy>cristinalagosgonzalez</createdBy>
<createdTime>2026-02-05 14:24:19 UTC</createdTime>
<generatorID>EDA782FD-848F-7BF5-D432-730FB2B599BF</generatorID>
<ownerDesignName>Retail Solari SA</ownerDesignName>
<useDomainConstraints>false</useDomainConstraints>
<use>1</use>
<logicalDatatype>LOGDT043</logicalDatatype>
<ownDataTypeParameters>,,</ownDataTypeParameters>
<autoIncrementCycle>false</autoIncrementCycle>
</Column>
<Column name="BOLETA_ID_Boleta" id="A344C8AB-C48A-E1CD-DE87-0CF017530832">
<createdBy>cristinalagosgonzalez</createdBy>
<createdTime>2026-02-05 14:24:19 UTC</createdTime>
<generatorID>12C4D7A5-48FA-01E9-0BC1-B83E077AE503</generatorID>
<ownerDesignName>Retail Solari SA</ownerDesignName>
<useDomainConstraints>false</useDomainConstraints>
<use>1</use>
<logicalDatatype>LOGDT024</logicalDatatype>
<dataTypeSize>10</dataTypeSize>
<ownDataTypeParameters>10,,</ownDataTypeParameters>
<previousColumn>false</previousColumn>
<autoIncrementCycle>false</autoIncrementCycle>
</Column>
<Column name="BOLETA_ID_Boleta2" id="7942BFA8-A4D5-9820-E1D7-DCC2FA26D7FB">
<createdBy>cristinalagosgonzalez</createdBy>
<createdTime>2026-02-06 04:12:33 UTC</createdTime>
<generatorID>407200E2-08B7-3C1B-D7CC-97034E7B1E7E</generatorID>
<ownerDesignName>Retail Solari SA</ownerDesignName>
<useDomainConstraints>false</useDomainConstraints>
<use>1</use>
<logicalDatatype>LOGDT024</logicalDatatype>
<dataTypeSize>10</dataTypeSize>
<ownDataTypeParameters>,,</ownDataTypeParameters>
<previousColumn>false</previousColumn>
<autoIncrementCycle>false</autoIncrementCycle>
<associations>
<colAssociation fkAssociation="C2D16556-0332-3104-0FFE-AFD10B357CE1" referredColumn="8374CD9A-0F1E-3CFC-0F8A-C583EDEBA443"/>
</associations>
</Column>
</columns>
<indexes itemClass="oracle.dbtools.crest.model.design.relational.Index">
<ind_PK_UK id="833ADDA1-8267-D1CC-3776-B6D1CF28645F" name="DETALLE_BOLETA_PK">
<createdBy>cristinalagosgonzalez</createdBy>
<createdTime>2026-02-05 14:24:19 UTC</createdTime>
<generatorID>1C0D350C-AD3C-6AEA-E5FA-CD14C4D639D4</generatorID>
<ownerDesignName>Retail Solari SA</ownerDesignName>
<pk>true</pk>
<indexState>Primary Constraint</indexState>
<isSurrogateKey>false</isSurrogateKey>
<indexColumnUsage>
<colUsage columnID="D72577CC-6BA1-A779-3F22-261D887AC2AA"/>
</indexColumnUsage>
</ind_PK_UK>
<ind_PK_UK id="30554E0B-8D35-3F3E-B243-3334EC7C0EFD" name="DETALLE_BOLETA__IDX">
<createdBy>cristinalagosgonzalez</createdBy>
<createdTime>2026-02-05 14:24:19 UTC</createdTime>
<ownerDesignName>Retail Solari SA</ownerDesignName>
<indexState>Unique Plain Index</indexState>
<isSurrogateKey>false</isSurrogateKey>
<relationGeneratorID>F56E4FF7-52BA-E79A-F73F-3FADE0E866FD</relationGeneratorID>
<indexColumnUsage>
<colUsage columnID="A344C8AB-C48A-E1CD-DE87-0CF017530832"/>
</indexColumnUsage>
</ind_PK_UK>
<ind_PK_UK id="48A6AAB4-FC9D-6F58-3082-CCABCA7FA40E" name="DETALLE_BOLETA_BOLETA_FK">
<createdBy>cristinalagosgonzalez</createdBy>
<createdTime>2026-02-06 04:12:33 UTC</createdTime>
<generatorID>3D13338F-204F-9C36-F008-A33212A87053</generatorID>
<ownerDesignName>Retail Solari SA</ownerDesignName>
<indexState>Foreign Key</indexState>
<isSurrogateKey>false</isSurrogateKey>
<indexColumnUsage>
<colUsage columnID="7942BFA8-A4D5-9820-E1D7-DCC2FA26D7FB"/>
</indexColumnUsage>
</ind_PK_UK>
</indexes>
</Table>
