<?xml version = '1.0' encoding = 'UTF-8'?>
<Table class="oracle.dbtools.crest.model.design.relational.Table" directorySegmentName="seg_0" id="FD2B513B-3A35-DA2E-93DE-8F3798004C38" name="BODEGA">
<createdBy>cristinalagosgonzalez</createdBy>
<createdTime>2026-02-05 14:24:19 UTC</createdTime>
<generatorID>3DB7A0FF-22C6-155E-E9EA-9B73349725C9</generatorID>
<ownerDesignName>Retail Solari SA</ownerDesignName>
<allowColumnReorder>false</allowColumnReorder>
<existDependencyGenerateInDDl>true</existDependencyGenerateInDDl>
<parsed>true</parsed>
<columns itemClass="oracle.dbtools.crest.model.design.relational.Column">
<Column name="Cantidad_Producto" id="E0AE7A72-DC6D-A426-42B6-66BD29BC985C">
<createdBy>cristinalagosgonzalez</createdBy>
<createdTime>2026-02-05 14:24:19 UTC</createdTime>
<generatorID>D7EB335C-FD99-C64E-084B-C6B79BFD98BF</generatorID>
<ownerDesignName>Retail Solari SA</ownerDesignName>
<useDomainConstraints>false</useDomainConstraints>
<use>1</use>
<logicalDatatype>LOGDT019</logicalDatatype>
<dataTypePrecision>1000</dataTypePrecision>
<ownDataTypeParameters>,1000,</ownDataTypeParameters>
<autoIncrementCycle>false</autoIncrementCycle>
</Column>
<Column name="Nombre_Producto" id="95BDA598-C0A0-5F5F-6C4B-78E44D59936A">
<createdBy>cristinalagosgonzalez</createdBy>
<createdTime>2026-02-05 14:24:19 UTC</createdTime>
<generatorID>96306660-CDC9-F6FB-D279-2D36266F4989</generatorID>
<ownerDesignName>Retail Solari SA</ownerDesignName>
<useDomainConstraints>false</useDomainConstraints>
<use>1</use>
<logicalDatatype>LOGDT024</logicalDatatype>
<dataTypeSize>50</dataTypeSize>
<ownDataTypeParameters>50,,</ownDataTypeParameters>
<autoIncrementCycle>false</autoIncrementCycle>
</Column>
<Column name="PRODUCTO_ID_Producto" id="46A1D9E8-5243-7A4D-71E6-63C0A56219FB">
<createdBy>cristinalagosgonzalez</createdBy>
<createdTime>2026-02-05 14:24:19 UTC</createdTime>
<generatorID>AB4C5762-650C-A4DF-83AE-9A96BBA1A93E</generatorID>
<ownerDesignName>Retail Solari SA</ownerDesignName>
<useDomainConstraints>false</useDomainConstraints>
<use>1</use>
<logicalDatatype>LOGDT024</logicalDatatype>
<dataTypeSize>5</dataTypeSize>
<ownDataTypeParameters>5,,</ownDataTypeParameters>
<previousColumn>false</previousColumn>
<autoIncrementCycle>false</autoIncrementCycle>
<associations>
<colAssociation fkAssociation="54A74EE6-FB6F-8596-1C30-89D38B05E17B" referredColumn="46FD6FE4-0D91-9E8F-A29F-A0B0E68F5BE0"/>
</associations>
</Column>
<Column name="PRODUCTO_SUCURSAL_ID_Sucursal" id="198F1F5B-9514-6526-1CE1-8179D718D0AD">
<createdBy>cristinalagosgonzalez</createdBy>
<createdTime>2026-02-05 14:24:19 UTC</createdTime>
<generatorID>27A42B58-E5AE-27AE-2CAF-A249A259663B</generatorID>
<ownerDesignName>Retail Solari SA</ownerDesignName>
<useDomainConstraints>false</useDomainConstraints>
<use>1</use>
<logicalDatatype>LOGDT024</logicalDatatype>
<dataTypeSize>5</dataTypeSize>
<ownDataTypeParameters>5,,</ownDataTypeParameters>
<previousColumn>false</previousColumn>
<autoIncrementCycle>false</autoIncrementCycle>
<associations>
<colAssociation fkAssociation="54A74EE6-FB6F-8596-1C30-89D38B05E17B" referredColumn="0D2FAF6C-E1C2-0015-9C90-0E226F8654F1"/>
</associations>
</Column>
</columns>
<indexes itemClass="oracle.dbtools.crest.model.design.relational.Index">
<ind_PK_UK id="2B0F37ED-6523-BDA8-11C7-8EEC2E7ECBCC" name="BODEGA_PRODUCTO_FK">
<createdBy>cristinalagosgonzalez</createdBy>
<createdTime>2026-02-05 14:24:19 UTC</createdTime>
<generatorID>CB136704-BCDE-B8D8-EE33-45686DE0D561</generatorID>
<ownerDesignName>Retail Solari SA</ownerDesignName>
<indexState>Foreign Key</indexState>
<isSurrogateKey>false</isSurrogateKey>
<indexColumnUsage>
<colUsage columnID="46A1D9E8-5243-7A4D-71E6-63C0A56219FB"/>
<colUsage columnID="198F1F5B-9514-6526-1CE1-8179D718D0AD"/>
</indexColumnUsage>
</ind_PK_UK>
</indexes>
</Table>
