<?xml version = '1.0' encoding = 'UTF-8'?>
<relationalModel class="oracle.dbtools.crest.model.design.relational.RelationalDesign" name="Relational_1" id="772AD803-5168-3ED7-844B-4FB296B83E88" mainViewID="3CEED4C9-EAC1-9FC2-CB95-16112ACD6084">
<createdBy>cristinalagosgonzalez</createdBy>
<createdTime>2026-02-04 13:30:57 UTC</createdTime>
<ownerDesignName>Retail Solari SA</ownerDesignName>
<shouldBeOpen>false</shouldBeOpen>
<selectedRDBMSSite>32076570-2523-435C-2E92-BF29817DFF70</selectedRDBMSSite>
</relationalModel>