<?xml version = '1.0' encoding = 'UTF-8'?>
<Diagram class="oracle.dbtools.crest.swingui.relational.DPVRelational" name="Relational_1" id="3CEED4C9-EAC1-9FC2-CB95-16112ACD6084">
<createdBy>cristinalagosgonzalez</createdBy>
<modifiedBy>cristinalagosgonzalez</modifiedBy>
<createdTime>2026-02-04 13:31:19 UTC</createdTime>
<autoRoute>false</autoRoute>
<boxInbox>true</boxInbox>
<showLegend>false</showLegend>
<showLabels>false</showLabels>
<showRelAttributes>false</showRelAttributes>
<gridEnabled>false</gridEnabled>
<showGrid>false</showGrid>
<diagramColor>-1</diagramColor>
<display>false</display>
<notation>1</notation>
<objectViews>
<OView class="oracle.dbtools.crest.swingui.relational.TVTable" oid="0ACE450D-E0D7-233C-FC02-4DE54E4C43DE" otype="Table" vid="E7C164C9-E7A3-D3C2-3AAF-FF0C7BC6A2B2">
<hideElementsInCurrentOnly>false</hideElementsInCurrentOnly>
<bounds x="15" y="156" width="334" height="128"/>
</OView>
<OView class="oracle.dbtools.crest.swingui.relational.TVTable" oid="0F63C03E-AEEA-4EC8-9FF8-901AEED8D29A" otype="Table" vid="B386D26D-9311-5B67-166D-804204F6B6F5">
<hideElementsInCurrentOnly>false</hideElementsInCurrentOnly>
<bounds x="710" y="634" width="399" height="128"/>
</OView>
<OView class="oracle.dbtools.crest.swingui.relational.TVTable" oid="145A18EC-9A3D-2C5E-D35E-3694C3398A6B" otype="Table" vid="8FBAA0CF-A6F8-98F7-01F3-5CABC4CD4930">
<hideElementsInCurrentOnly>false</hideElementsInCurrentOnly>
<bounds x="1170" y="305" width="257" height="102"/>
</OView>
<OView class="oracle.dbtools.crest.swingui.relational.TVTable" oid="1BCC1E20-14D1-BC04-14E5-48FB61052F22" otype="Table" vid="687A70DF-D79C-CFA7-2C36-84503306D54A">
<hideElementsInCurrentOnly>false</hideElementsInCurrentOnly>
<bounds x="382" y="615" width="275" height="134"/>
</OView>
<OView class="oracle.dbtools.crest.swingui.relational.TVTable" oid="3DEBC1A8-82E2-0830-8A10-9DB8D8CD4162" otype="Table" vid="12ACCB45-85A4-D889-EF7E-242CE704B4B3">
<hideElementsInCurrentOnly>false</hideElementsInCurrentOnly>
<bounds x="916" y="101" width="309" height="83"/>
</OView>
<OView class="oracle.dbtools.crest.swingui.relational.TVTable" oid="40A36CCE-6D92-684F-DEC8-B04DD259671C" otype="Table" vid="95A71A6A-EBE4-D493-53EA-9535802116A9">
<hideElementsInCurrentOnly>false</hideElementsInCurrentOnly>
<bounds x="724" y="221" width="410" height="128"/>
</OView>
<OView class="oracle.dbtools.crest.swingui.relational.TVTable" oid="4F6BA5D6-C67E-B1BF-A81C-1D78D2026FF9" otype="Table" vid="9EF669B7-0ED1-8FBD-DB8B-BABA3589B220">
<hideElementsInCurrentOnly>false</hideElementsInCurrentOnly>
<bounds x="738" y="436" width="456" height="154"/>
</OView>
<OView class="oracle.dbtools.crest.swingui.relational.TVTable" oid="571400D5-35F2-5B1E-B4D9-21C806F0EF7F" otype="Table" vid="3DFEE0EA-FF84-DCF2-B70E-BF3555843295">
<hideElementsInCurrentOnly>false</hideElementsInCurrentOnly>
<bounds x="1221" y="24" width="209" height="70"/>
</OView>
<OView class="oracle.dbtools.crest.swingui.relational.TVTable" oid="79DF1C01-42AB-C903-B86D-28C688A35B5E" otype="Table" vid="54A1F547-7AF6-B50B-2388-6ADEC35D2609">
<hideElementsInCurrentOnly>false</hideElementsInCurrentOnly>
<bounds x="370" y="199" width="315" height="232"/>
</OView>
<OView class="oracle.dbtools.crest.swingui.relational.TVTable" oid="7B6AF129-52B4-37B1-C821-46B108D413E4" otype="Table" vid="B3E8DE8F-B7E9-4172-E048-E553E388A3BA">
<hideElementsInCurrentOnly>false</hideElementsInCurrentOnly>
<bounds x="18" y="3" width="354" height="141"/>
</OView>
<OView class="oracle.dbtools.crest.swingui.relational.TVTable" oid="90E9AD79-88D4-40B2-86AF-ABDA91052135" otype="Table" vid="A8FF4C34-39A6-2D5C-D846-E3A6CF0FD3A5">
<hideElementsInCurrentOnly>false</hideElementsInCurrentOnly>
<bounds x="441" y="21" width="419" height="141"/>
</OView>
<OView class="oracle.dbtools.crest.swingui.relational.TVTable" oid="991F19DB-08EF-A3DD-9D70-F9AEC1733840" otype="Table" vid="3B0AEA04-397D-9E35-BC5F-34D79DA3FABD">
<hideElementsInCurrentOnly>false</hideElementsInCurrentOnly>
<bounds x="14" y="579" width="279" height="173"/>
</OView>
<OView class="oracle.dbtools.crest.swingui.relational.TVTable" oid="D4B8A716-EFDB-3149-B32B-446FF8AD5EA4" otype="Table" vid="EF33CAEC-EF6B-1DE9-D27C-3EA4A4AA442A">
<hideElementsInCurrentOnly>false</hideElementsInCurrentOnly>
<bounds x="1223" y="662" width="220" height="78"/>
</OView>
<OView class="oracle.dbtools.crest.swingui.relational.TVTable" oid="DA363916-CB09-6B3A-96AC-186EBCF7704C" otype="Table" vid="13DFD5BE-3366-AA74-EB49-6B264CDBFD24">
<hideElementsInCurrentOnly>false</hideElementsInCurrentOnly>
<bounds x="910" y="6" width="289" height="83"/>
</OView>
<OView class="oracle.dbtools.crest.swingui.relational.TVTable" oid="FD2B513B-3A35-DA2E-93DE-8F3798004C38" otype="Table" vid="D9C59EA3-D8FB-7098-CF0F-68399C550470">
<hideElementsInCurrentOnly>false</hideElementsInCurrentOnly>
<bounds x="2" y="474" width="454" height="96"/>
</OView>
</objectViews>
<connectors>
<Connector class="oracle.dbtools.crest.swingui.relational.TVFKRelation" oid="15740EFA-425C-76CC-9C87-98CEF8AD355B" otype="FKIndexAssociation" vid_source="54A1F547-7AF6-B50B-2388-6ADEC35D2609" vid_target="9EF669B7-0ED1-8FBD-DB8B-BABA3589B220">
<hideElementsInCurrentOnly>false</hideElementsInCurrentOnly>
<backgroundColor>-16777216</backgroundColor>
<lineWidth>1</lineWidth>
<points>
<point x="685" y="386"/>
<point x="795" y="436"/>
</points>
</Connector>
<Connector class="oracle.dbtools.crest.swingui.relational.TVFKRelation" oid="1EB2517E-62F1-F33A-E06B-363C022FECB3" otype="FKIndexAssociation" vid_source="B386D26D-9311-5B67-166D-804204F6B6F5" vid_target="687A70DF-D79C-CFA7-2C36-84503306D54A">
<hideElementsInCurrentOnly>false</hideElementsInCurrentOnly>
<backgroundColor>-16777216</backgroundColor>
<lineWidth>1</lineWidth>
<points>
<point x="710" y="691"/>
<point x="657" y="691"/>
</points>
</Connector>
<Connector class="oracle.dbtools.crest.swingui.relational.TVFKRelation" oid="24584527-0BE2-8076-1909-72B3C90D786A" otype="FKIndexAssociation" vid_source="A8FF4C34-39A6-2D5C-D846-E3A6CF0FD3A5" vid_target="54A1F547-7AF6-B50B-2388-6ADEC35D2609">
<hideElementsInCurrentOnly>false</hideElementsInCurrentOnly>
<backgroundColor>-16777216</backgroundColor>
<lineWidth>1</lineWidth>
<points>
<point x="578" y="162"/>
<point x="578" y="199"/>
</points>
</Connector>
<Connector class="oracle.dbtools.crest.swingui.relational.TVFKRelation" oid="28E2E6A0-347B-118F-9471-DAD450089AAA" otype="FKIndexAssociation" vid_source="A8FF4C34-39A6-2D5C-D846-E3A6CF0FD3A5" vid_target="13DFD5BE-3366-AA74-EB49-6B264CDBFD24">
<hideElementsInCurrentOnly>false</hideElementsInCurrentOnly>
<backgroundColor>-16777216</backgroundColor>
<lineWidth>1</lineWidth>
<points>
<point x="860" y="55"/>
<point x="910" y="55"/>
</points>
</Connector>
<Connector class="oracle.dbtools.crest.swingui.relational.TVFKRelation" oid="2FC7604D-ECA8-9C50-3C6A-25945666CF59" otype="FKIndexAssociation" vid_source="B386D26D-9311-5B67-166D-804204F6B6F5" vid_target="54A1F547-7AF6-B50B-2388-6ADEC35D2609">
<hideElementsInCurrentOnly>false</hideElementsInCurrentOnly>
<backgroundColor>-16777216</backgroundColor>
<lineWidth>1</lineWidth>
<points>
<point x="710" y="634"/>
<point x="621" y="575"/>
<point x="621" y="431"/>
</points>
</Connector>
<Connector class="oracle.dbtools.crest.swingui.relational.TVFKRelation" oid="3A842B82-FC2A-88B6-AC78-AB536D6D6141" otype="FKIndexAssociation" vid_source="95A71A6A-EBE4-D493-53EA-9535802116A9" vid_target="54A1F547-7AF6-B50B-2388-6ADEC35D2609">
<hideElementsInCurrentOnly>false</hideElementsInCurrentOnly>
<backgroundColor>-16777216</backgroundColor>
<lineWidth>1</lineWidth>
<points>
<point x="724" y="285"/>
<point x="685" y="285"/>
</points>
</Connector>
<Connector class="oracle.dbtools.crest.swingui.relational.TVFKRelation" oid="3F9876F2-9684-E3A0-84EA-7B1FB6BF81EB" otype="FKIndexAssociation" vid_source="8FBAA0CF-A6F8-98F7-01F3-5CABC4CD4930" vid_target="A8FF4C34-39A6-2D5C-D846-E3A6CF0FD3A5">
<hideElementsInCurrentOnly>false</hideElementsInCurrentOnly>
<backgroundColor>-16777216</backgroundColor>
<lineWidth>1</lineWidth>
<points>
<point x="1212" y="305"/>
<point x="1212" y="195"/>
<point x="931" y="194"/>
<point x="860" y="162"/>
</points>
</Connector>
<Connector class="oracle.dbtools.crest.swingui.relational.TVFKRelation" oid="4768BE7E-FD6A-5733-FFD8-C0A66B0F27A6" otype="FKIndexAssociation" vid_source="A8FF4C34-39A6-2D5C-D846-E3A6CF0FD3A5" vid_target="E7C164C9-E7A3-D3C2-3AAF-FF0C7BC6A2B2">
<hideElementsInCurrentOnly>false</hideElementsInCurrentOnly>
<backgroundColor>-16777216</backgroundColor>
<lineWidth>1</lineWidth>
<points>
<point x="441" y="159"/>
<point x="349" y="159"/>
</points>
</Connector>
<Connector class="oracle.dbtools.crest.swingui.relational.TVFKRelation" oid="54A74EE6-FB6F-8596-1C30-89D38B05E17B" otype="FKIndexAssociation" vid_source="54A1F547-7AF6-B50B-2388-6ADEC35D2609" vid_target="D9C59EA3-D8FB-7098-CF0F-68399C550470">
<hideElementsInCurrentOnly>false</hideElementsInCurrentOnly>
<backgroundColor>-16777216</backgroundColor>
<lineWidth>1</lineWidth>
<points>
<point x="413" y="431"/>
<point x="413" y="474"/>
</points>
</Connector>
<Connector class="oracle.dbtools.crest.swingui.relational.TVFKRelation" oid="892950A1-B533-4DFE-3B82-03D2EC127050" otype="FKIndexAssociation" vid_source="3DFEE0EA-FF84-DCF2-B70E-BF3555843295" vid_target="8FBAA0CF-A6F8-98F7-01F3-5CABC4CD4930">
<hideElementsInCurrentOnly>false</hideElementsInCurrentOnly>
<backgroundColor>-16777216</backgroundColor>
<lineWidth>1</lineWidth>
<points>
<point x="1324" y="94"/>
<point x="1324" y="305"/>
</points>
</Connector>
<Connector class="oracle.dbtools.crest.swingui.relational.TVFKRelation" oid="8AD677AA-FA0D-A15F-3471-D6E214E8E1A7" otype="FKIndexAssociation" vid_source="EF33CAEC-EF6B-1DE9-D27C-3EA4A4AA442A" vid_target="9EF669B7-0ED1-8FBD-DB8B-BABA3589B220">
<hideElementsInCurrentOnly>false</hideElementsInCurrentOnly>
<backgroundColor>-16777216</backgroundColor>
<lineWidth>1</lineWidth>
<points>
<point x="1256" y="662"/>
<point x="1116" y="590"/>
</points>
</Connector>
<Connector class="oracle.dbtools.crest.swingui.relational.TVFKRelation" oid="B5B71F44-6EAD-1B56-5C69-E53F4E60D059" otype="FKIndexAssociation" vid_source="8FBAA0CF-A6F8-98F7-01F3-5CABC4CD4930" vid_target="B386D26D-9311-5B67-166D-804204F6B6F5">
<hideElementsInCurrentOnly>false</hideElementsInCurrentOnly>
<backgroundColor>-16777216</backgroundColor>
<lineWidth>1</lineWidth>
<points>
<point x="1339" y="407"/>
<point x="1339" y="407"/>
<point x="1350" y="717"/>
<point x="1109" y="717"/>
</points>
</Connector>
<Connector class="oracle.dbtools.crest.swingui.relational.TVFKRelation" oid="C2D16556-0332-3104-0FFE-AFD10B357CE1" otype="FKIndexAssociation" vid_source="687A70DF-D79C-CFA7-2C36-84503306D54A" vid_target="3B0AEA04-397D-9E35-BC5F-34D79DA3FABD">
<hideElementsInCurrentOnly>false</hideElementsInCurrentOnly>
<backgroundColor>-16777216</backgroundColor>
<lineWidth>1</lineWidth>
<points>
<point x="382" y="682"/>
<point x="293" y="682"/>
</points>
</Connector>
<Connector class="oracle.dbtools.crest.swingui.relational.TVFKRelation" oid="CB78D512-6E7F-316A-E4AD-F0178C52D06F" otype="FKIndexAssociation" vid_source="8FBAA0CF-A6F8-98F7-01F3-5CABC4CD4930" vid_target="95A71A6A-EBE4-D493-53EA-9535802116A9">
<hideElementsInCurrentOnly>false</hideElementsInCurrentOnly>
<backgroundColor>-16777216</backgroundColor>
<lineWidth>1</lineWidth>
<points>
<point x="1170" y="327"/>
<point x="1134" y="327"/>
</points>
</Connector>
<Connector class="oracle.dbtools.crest.swingui.relational.TVFKRelation" oid="E9D130C0-49D7-C4A6-2C93-5D61747855D5" otype="FKIndexAssociation" vid_source="A8FF4C34-39A6-2D5C-D846-E3A6CF0FD3A5" vid_target="B3E8DE8F-B7E9-4172-E048-E553E388A3BA">
<hideElementsInCurrentOnly>false</hideElementsInCurrentOnly>
<backgroundColor>-16777216</backgroundColor>
<lineWidth>1</lineWidth>
<points>
<point x="441" y="82"/>
<point x="372" y="82"/>
</points>
</Connector>
<Connector class="oracle.dbtools.crest.swingui.relational.TVFKRelation" oid="FA52D041-D1F3-4E89-EFC5-4C65297AC3F7" otype="FKIndexAssociation" vid_source="A8FF4C34-39A6-2D5C-D846-E3A6CF0FD3A5" vid_target="12ACCB45-85A4-D889-EF7E-242CE704B4B3">
<hideElementsInCurrentOnly>false</hideElementsInCurrentOnly>
<backgroundColor>-16777216</backgroundColor>
<lineWidth>1</lineWidth>
<points>
<point x="860" y="131"/>
<point x="916" y="131"/>
</points>
</Connector>
</connectors>
<arcs>
<Arc class="oracle.dbtools.crest.swingui.relational.TVFKArc" oid="4F280ECE-D3FD-5CCE-1981-71D62FBE036E" otype="FKArc" vid="1A8980C6-E918-4F83-91A5-59197A315CCB">
<hideElementsInCurrentOnly>false</hideElementsInCurrentOnly>
<bounds x="421" y="1" width="459" height="181"/>
</Arc>
</arcs>
</Diagram>
