<?xml version = '1.0' encoding = 'UTF-8'?>
<Arc class="oracle.dbtools.crest.model.design.logical.Arc" directorySegmentName="seg_0" id="0544B764-A220-C751-80AC-B7045E18C7AA" name="Arc_3">
<createdBy>cristinalagosgonzalez</createdBy>
<createdTime>2026-02-05 13:14:28 UTC</createdTime>
<ownerDesignName>Retail Solari SA</ownerDesignName>
<engineerTo>
<item key="772AD803-5168-3ED7-844B-4FB296B83E88" value="true"/>
</engineerTo>
<entity>2879BEFC-941B-4CB5-DBE6-9649E01999E6</entity>
<relations>
<relationID>5D17C1FC-D5FF-4E4E-0875-248BD02A0929</relationID>
<relationID>32E42A97-EFE7-FDA2-B336-0740460EA2F3</relationID>
</relations>
</Arc>
