<?xml version = '1.0' encoding = 'UTF-8'?>
<FKArc class="oracle.dbtools.crest.model.design.relational.FKArc" directorySegmentName="seg_0" id="4F280ECE-D3FD-5CCE-1981-71D62FBE036E" name="Arc_3">
<createdBy>cristinalagosgonzalez</createdBy>
<createdTime>2026-02-05 14:24:19 UTC</createdTime>
<ownerDesignName>Retail Solari SA</ownerDesignName>
<mandatory>false</mandatory>
<reverseArc>true</reverseArc>
<table>90E9AD79-88D4-40B2-86AF-ABDA91052135</table>
<fkeys>
<fkeyID>4768BE7E-FD6A-5733-FFD8-C0A66B0F27A6</fkeyID>
<fkeyID>E9D130C0-49D7-C4A6-2C93-5D61747855D5</fkeyID>
</fkeys>
</FKArc>
